scenario,seed,offered_load_factor,drain_label,candidate_id,selected_edges,edge_count,candidate_count,selected_for_evaluation,selection_reason
cross-community-distractor-replay,1401,0.5,D3,cand0000,,0,764,true,empty
cross-community-distractor-replay,1401,0.5,D3,cand0001,0-1,1,764,false,all-single-edge|baseline-plus-high-impact
cross-community-distractor-replay,1401,0.5,D3,cand0002,0-2,1,764,false,all-single-edge
cross-community-distractor-replay,1401,0.5,D3,cand0003,0-3,1,764,false,all-single-edge
cross-community-distractor-replay,1401,0.5,D3,cand0004,0-4,1,764,false,all-single-edge
cross-community-distractor-replay,1401,0.5,D3,cand0005,0-5,1,764,false,all-single-edge
cross-community-distractor-replay,1401,0.5,D3,cand0006,0-6,1,764,false,all-single-edge
cross-community-distractor-replay,1401,0.5,D3,cand0007,0-7,1,764,false,all-single-edge
cross-community-distractor-replay,1401,0.5,D3,cand0008,1-2,1,764,false,all-single-edge|baseline-plus-high-impact
cross-community-distractor-replay,1401,0.5,D3,cand0009,1-3,1,764,false,all-single-edge
cross-community-distractor-replay,1401,0.5,D3,cand0010,1-4,1,764,false,all-single-edge
cross-community-distractor-replay,1401,0.5,D3,cand0011,1-5,1,764,false,all-single-edge
cross-community-distractor-replay,1401,0.5,D3,cand0012,1-6,1,764,false,all-single-edge
cross-community-distractor-replay,1401,0.5,D3,cand0013,1-7,1,764,false,all-single-edge
cross-community-distractor-replay,1401,0.5,D3,cand0014,2-3,1,764,false,all-single-edge|baseline-plus-high-impact
cross-community-distractor-replay,1401,0.5,D3,cand0015,2-4,1,764,false,all-single-edge
cross-community-distractor-replay,1401,0.5,D3,cand0016,2-5,1,764,false,all-single-edge
cross-community-distractor-replay,1401,0.5,D3,cand0017,2-6,1,764,false,all-single-edge
cross-community-distractor-replay,1401,0.5,D3,cand0018,2-7,1,764,false,all-single-edge
cross-community-distractor-replay,1401,0.5,D3,cand0019,3-4,1,764,false,all-single-edge
cross-community-distractor-replay,1401,0.5,D3,cand0020,3-5,1,764,false,all-single-edge
cross-community-distractor-replay,1401,0.5,D3,cand0021,3-6,1,764,false,all-single-edge
cross-community-distractor-replay,1401,0.5,D3,cand0022,3-7,1,764,false,all-single-edge
cross-community-distractor-replay,1401,0.5,D3,cand0023,4-5,1,764,false,all-single-edge|baseline-plus-high-impact
cross-community-distractor-replay,1401,0.5,D3,cand0024,4-6,1,764,false,all-single-edge
cross-community-distractor-replay,1401,0.5,D3,cand0025,4-7,1,764,false,all-single-edge
cross-community-distractor-replay,1401,0.5,D3,cand0026,5-6,1,764,false,all-single-edge
cross-community-distractor-replay,1401,0.5,D3,cand0027,5-7,1,764,false,all-single-edge
cross-community-distractor-replay,1401,0.5,D3,cand0028,6-7,1,764,false,all-single-edge|baseline-plus-high-impact
cross-community-distractor-replay,1401,0.5,D3,cand0029,0-1;2-3,2,764,false,high-impact-edge-pool|baseline-plus-high-impact
cross-community-distractor-replay,1401,0.5,D3,cand0030,0-1;2-4,2,764,false,not-selected
cross-community-distractor-replay,1401,0.5,D3,cand0031,0-1;2-5,2,764,false,not-selected
cross-community-distractor-replay,1401,0.5,D3,cand0032,0-1;2-6,2,764,false,not-selected
cross-community-distractor-replay,1401,0.5,D3,cand0033,0-1;2-7,2,764,false,not-selected
cross-community-distractor-replay,1401,0.5,D3,cand0034,0-1;3-4,2,764,false,high-impact-edge-pool|baseline-plus-high-impact
cross-community-distractor-replay,1401,0.5,D3,cand0035,0-1;3-5,2,764,false,not-selected
cross-community-distractor-replay,1401,0.5,D3,cand0036,0-1;3-6,2,764,false,not-selected
cross-community-distractor-replay,1401,0.5,D3,cand0037,0-1;3-7,2,764,false,not-selected
cross-community-distractor-replay,1401,0.5,D3,cand0038,0-1;4-5,2,764,false,high-impact-edge-pool|baseline-plus-high-impact
cross-community-distractor-replay,1401,0.5,D3,cand0039,0-1;4-6,2,764,false,not-selected
cross-community-distractor-replay,1401,0.5,D3,cand0040,0-1;4-7,2,764,false,not-selected
cross-community-distractor-replay,1401,0.5,D3,cand0041,0-1;5-6,2,764,false,high-impact-edge-pool|baseline-plus-high-impact
cross-community-distractor-replay,1401,0.5,D3,cand0042,0-1;5-7,2,764,false,not-selected
cross-community-distractor-replay,1401,0.5,D3,cand0043,0-1;6-7,2,764,false,high-impact-edge-pool|baseline-plus-high-impact
cross-community-distractor-replay,1401,0.5,D3,cand0044,0-2;1-3,2,764,false,not-selected
cross-community-distractor-replay,1401,0.5,D3,cand0045,0-2;1-4,2,764,false,not-selected
cross-community-distractor-replay,1401,0.5,D3,cand0046,0-2;1-5,2,764,false,not-selected
cross-community-distractor-replay,1401,0.5,D3,cand0047,0-2;1-6,2,764,false,not-selected
cross-community-distractor-replay,1401,0.5,D3,cand0048,0-2;1-7,2,764,false,not-selected
cross-community-distractor-replay,1401,0.5,D3,cand0049,0-2;3-4,2,764,false,not-selected
cross-community-distractor-replay,1401,0.5,D3,cand0050,0-2;3-5,2,764,false,not-selected
cross-community-distractor-replay,1401,0.5,D3,cand0051,0-2;3-6,2,764,false,not-selected
cross-community-distractor-replay,1401,0.5,D3,cand0052,0-2;3-7,2,764,false,not-selected
cross-community-distractor-replay,1401,0.5,D3,cand0053,0-2;4-5,2,764,false,not-selected
cross-community-distractor-replay,1401,0.5,D3,cand0054,0-2;4-6,2,764,false,not-selected
cross-community-distractor-replay,1401,0.5,D3,cand0055,0-2;4-7,2,764,false,not-selected
cross-community-distractor-replay,1401,0.5,D3,cand0056,0-2;5-6,2,764,false,not-selected
cross-community-distractor-replay,1401,0.5,D3,cand0057,0-2;5-7,2,764,false,not-selected
cross-community-distractor-replay,1401,0.5,D3,cand0058,0-2;6-7,2,764,false,not-selected
cross-community-distractor-replay,1401,0.5,D3,cand0059,0-3;1-2,2,764,false,not-selected
cross-community-distractor-replay,1401,0.5,D3,cand0060,0-3;1-4,2,764,false,not-selected
cross-community-distractor-replay,1401,0.5,D3,cand0061,0-3;1-5,2,764,false,not-selected
cross-community-distractor-replay,1401,0.5,D3,cand0062,0-3;1-6,2,764,false,not-selected
cross-community-distractor-replay,1401,0.5,D3,cand0063,0-3;1-7,2,764,false,not-selected
cross-community-distractor-replay,1401,0.5,D3,cand0064,0-3;2-4,2,764,false,not-selected
cross-community-distractor-replay,1401,0.5,D3,cand0065,0-3;2-5,2,764,false,not-selected
cross-community-distractor-replay,1401,0.5,D3,cand0066,0-3;2-6,2,764,false,not-selected
cross-community-distractor-replay,1401,0.5,D3,cand0067,0-3;2-7,2,764,false,not-selected
cross-community-distractor-replay,1401,0.5,D3,cand0068,0-3;4-5,2,764,false,not-selected
cross-community-distractor-replay,1401,0.5,D3,cand0069,0-3;4-6,2,764,false,not-selected
cross-community-distractor-replay,1401,0.5,D3,cand0070,0-3;4-7,2,764,false,not-selected
cross-community-distractor-replay,1401,0.5,D3,cand0071,0-3;5-6,2,764,false,not-selected
cross-community-distractor-replay,1401,0.5,D3,cand0072,0-3;5-7,2,764,false,not-selected
cross-community-distractor-replay,1401,0.5,D3,cand0073,0-3;6-7,2,764,false,not-selected
cross-community-distractor-replay,1401,0.5,D3,cand0074,0-4;1-2,2,764,false,high-impact-edge-pool|baseline-plus-high-impact
cross-community-distractor-replay,1401,0.5,D3,cand0075,0-4;1-3,2,764,false,not-selected
cross-community-distractor-replay,1401,0.5,D3,cand0076,0-4;1-5,2,764,false,not-selected
cross-community-distractor-replay,1401,0.5,D3,cand0077,0-4;1-6,2,764,false,not-selected
cross-community-distractor-replay,1401,0.5,D3,cand0078,0-4;1-7,2,764,false,not-selected
cross-community-distractor-replay,1401,0.5,D3,cand0079,0-4;2-3,2,764,false,high-impact-edge-pool|baseline-plus-high-impact
cross-community-distractor-replay,1401,0.5,D3,cand0080,0-4;2-5,2,764,false,not-selected
cross-community-distractor-replay,1401,0.5,D3,cand0081,0-4;2-6,2,764,false,not-selected
cross-community-distractor-replay,1401,0.5,D3,cand0082,0-4;2-7,2,764,false,not-selected
cross-community-distractor-replay,1401,0.5,D3,cand0083,0-4;3-5,2,764,false,not-selected
cross-community-distractor-replay,1401,0.5,D3,cand0084,0-4;3-6,2,764,false,not-selected
cross-community-distractor-replay,1401,0.5,D3,cand0085,0-4;3-7,2,764,false,not-selected
cross-community-distractor-replay,1401,0.5,D3,cand0086,0-4;5-6,2,764,false,high-impact-edge-pool
cross-community-distractor-replay,1401,0.5,D3,cand0087,0-4;5-7,2,764,false,not-selected
cross-community-distractor-replay,1401,0.5,D3,cand0088,0-4;6-7,2,764,false,high-impact-edge-pool|baseline-plus-high-impact
cross-community-distractor-replay,1401,0.5,D3,cand0089,0-5;1-2,2,764,false,not-selected
cross-community-distractor-replay,1401,0.5,D3,cand0090,0-5;1-3,2,764,false,not-selected
cross-community-distractor-replay,1401,0.5,D3,cand0091,0-5;1-4,2,764,false,not-selected
cross-community-distractor-replay,1401,0.5,D3,cand0092,0-5;1-6,2,764,false,not-selected
cross-community-distractor-replay,1401,0.5,D3,cand0093,0-5;1-7,2,764,false,not-selected
cross-community-distractor-replay,1401,0.5,D3,cand0094,0-5;2-3,2,764,false,not-selected
cross-community-distractor-replay,1401,0.5,D3,cand0095,0-5;2-4,2,764,false,not-selected
cross-community-distractor-replay,1401,0.5,D3,cand0096,0-5;2-6,2,764,false,not-selected
cross-community-distractor-replay,1401,0.5,D3,cand0097,0-5;2-7,2,764,false,not-selected
cross-community-distractor-replay,1401,0.5,D3,cand0098,0-5;3-4,2,764,false,not-selected
cross-community-distractor-replay,1401,0.5,D3,cand0099,0-5;3-6,2,764,false,not-selected
cross-community-distractor-replay,1401,0.5,D3,cand0100,0-5;3-7,2,764,false,not-selected
cross-community-distractor-replay,1401,0.5,D3,cand0101,0-5;4-6,2,764,false,not-selected
cross-community-distractor-replay,1401,0.5,D3,cand0102,0-5;4-7,2,764,false,not-selected
cross-community-distractor-replay,1401,0.5,D3,cand0103,0-5;6-7,2,764,false,not-selected
cross-community-distractor-replay,1401,0.5,D3,cand0104,0-6;1-2,2,764,false,not-selected
cross-community-distractor-replay,1401,0.5,D3,cand0105,0-6;1-3,2,764,false,not-selected
cross-community-distractor-replay,1401,0.5,D3,cand0106,0-6;1-4,2,764,false,not-selected
cross-community-distractor-replay,1401,0.5,D3,cand0107,0-6;1-5,2,764,false,not-selected
cross-community-distractor-replay,1401,0.5,D3,cand0108,0-6;1-7,2,764,false,not-selected
cross-community-distractor-replay,1401,0.5,D3,cand0109,0-6;2-3,2,764,false,not-selected
cross-community-distractor-replay,1401,0.5,D3,cand0110,0-6;2-4,2,764,false,not-selected
cross-community-distractor-replay,1401,0.5,D3,cand0111,0-6;2-5,2,764,false,not-selected
cross-community-distractor-replay,1401,0.5,D3,cand0112,0-6;2-7,2,764,false,not-selected
cross-community-distractor-replay,1401,0.5,D3,cand0113,0-6;3-4,2,764,false,not-selected
cross-community-distractor-replay,1401,0.5,D3,cand0114,0-6;3-5,2,764,false,not-selected
cross-community-distractor-replay,1401,0.5,D3,cand0115,0-6;3-7,2,764,false,not-selected
cross-community-distractor-replay,1401,0.5,D3,cand0116,0-6;4-5,2,764,false,not-selected
cross-community-distractor-replay,1401,0.5,D3,cand0117,0-6;4-7,2,764,false,not-selected
cross-community-distractor-replay,1401,0.5,D3,cand0118,0-6;5-7,2,764,false,not-selected
cross-community-distractor-replay,1401,0.5,D3,cand0119,0-7;1-2,2,764,false,not-selected
cross-community-distractor-replay,1401,0.5,D3,cand0120,0-7;1-3,2,764,false,not-selected
cross-community-distractor-replay,1401,0.5,D3,cand0121,0-7;1-4,2,764,false,not-selected
cross-community-distractor-replay,1401,0.5,D3,cand0122,0-7;1-5,2,764,false,not-selected
cross-community-distractor-replay,1401,0.5,D3,cand0123,0-7;1-6,2,764,false,not-selected
cross-community-distractor-replay,1401,0.5,D3,cand0124,0-7;2-3,2,764,false,not-selected
cross-community-distractor-replay,1401,0.5,D3,cand0125,0-7;2-4,2,764,false,not-selected
cross-community-distractor-replay,1401,0.5,D3,cand0126,0-7;2-5,2,764,false,not-selected
cross-community-distractor-replay,1401,0.5,D3,cand0127,0-7;2-6,2,764,false,not-selected
cross-community-distractor-replay,1401,0.5,D3,cand0128,0-7;3-4,2,764,false,not-selected
cross-community-distractor-replay,1401,0.5,D3,cand0129,0-7;3-5,2,764,false,not-selected
cross-community-distractor-replay,1401,0.5,D3,cand0130,0-7;3-6,2,764,false,not-selected
cross-community-distractor-replay,1401,0.5,D3,cand0131,0-7;4-5,2,764,false,not-selected
cross-community-distractor-replay,1401,0.5,D3,cand0132,0-7;4-6,2,764,false,not-selected
cross-community-distractor-replay,1401,0.5,D3,cand0133,0-7;5-6,2,764,false,not-selected
cross-community-distractor-replay,1401,0.5,D3,cand0134,1-2;3-4,2,764,false,high-impact-edge-pool|baseline-plus-high-impact
cross-community-distractor-replay,1401,0.5,D3,cand0135,1-2;3-5,2,764,false,not-selected
cross-community-distractor-replay,1401,0.5,D3,cand0136,1-2;3-6,2,764,false,not-selected
cross-community-distractor-replay,1401,0.5,D3,cand0137,1-2;3-7,2,764,false,not-selected
cross-community-distractor-replay,1401,0.5,D3,cand0138,1-2;4-5,2,764,false,high-impact-edge-pool|baseline-plus-high-impact
cross-community-distractor-replay,1401,0.5,D3,cand0139,1-2;4-6,2,764,false,not-selected
cross-community-distractor-replay,1401,0.5,D3,cand0140,1-2;4-7,2,764,false,not-selected
cross-community-distractor-replay,1401,0.5,D3,cand0141,1-2;5-6,2,764,false,high-impact-edge-pool|baseline-plus-high-impact
cross-community-distractor-replay,1401,0.5,D3,cand0142,1-2;5-7,2,764,false,not-selected
cross-community-distractor-replay,1401,0.5,D3,cand0143,1-2;6-7,2,764,false,high-impact-edge-pool|baseline-plus-high-impact
cross-community-distractor-replay,1401,0.5,D3,cand0144,1-3;2-4,2,764,false,not-selected
cross-community-distractor-replay,1401,0.5,D3,cand0145,1-3;2-5,2,764,false,not-selected
cross-community-distractor-replay,1401,0.5,D3,cand0146,1-3;2-6,2,764,false,not-selected
cross-community-distractor-replay,1401,0.5,D3,cand0147,1-3;2-7,2,764,false,not-selected
cross-community-distractor-replay,1401,0.5,D3,cand0148,1-3;4-5,2,764,false,not-selected
cross-community-distractor-replay,1401,0.5,D3,cand0149,1-3;4-6,2,764,false,not-selected
cross-community-distractor-replay,1401,0.5,D3,cand0150,1-3;4-7,2,764,false,not-selected
cross-community-distractor-replay,1401,0.5,D3,cand0151,1-3;5-6,2,764,false,not-selected
cross-community-distractor-replay,1401,0.5,D3,cand0152,1-3;5-7,2,764,false,not-selected
cross-community-distractor-replay,1401,0.5,D3,cand0153,1-3;6-7,2,764,false,not-selected
cross-community-distractor-replay,1401,0.5,D3,cand0154,1-4;2-3,2,764,false,not-selected
cross-community-distractor-replay,1401,0.5,D3,cand0155,1-4;2-5,2,764,false,not-selected
cross-community-distractor-replay,1401,0.5,D3,cand0156,1-4;2-6,2,764,false,not-selected
cross-community-distractor-replay,1401,0.5,D3,cand0157,1-4;2-7,2,764,false,not-selected
cross-community-distractor-replay,1401,0.5,D3,cand0158,1-4;3-5,2,764,false,not-selected
cross-community-distractor-replay,1401,0.5,D3,cand0159,1-4;3-6,2,764,false,not-selected
cross-community-distractor-replay,1401,0.5,D3,cand0160,1-4;3-7,2,764,false,not-selected
cross-community-distractor-replay,1401,0.5,D3,cand0161,1-4;5-6,2,764,false,not-selected
cross-community-distractor-replay,1401,0.5,D3,cand0162,1-4;5-7,2,764,false,not-selected
cross-community-distractor-replay,1401,0.5,D3,cand0163,1-4;6-7,2,764,false,not-selected
cross-community-distractor-replay,1401,0.5,D3,cand0164,1-5;2-3,2,764,false,not-selected
cross-community-distractor-replay,1401,0.5,D3,cand0165,1-5;2-4,2,764,false,not-selected
cross-community-distractor-replay,1401,0.5,D3,cand0166,1-5;2-6,2,764,false,not-selected
cross-community-distractor-replay,1401,0.5,D3,cand0167,1-5;2-7,2,764,false,not-selected
cross-community-distractor-replay,1401,0.5,D3,cand0168,1-5;3-4,2,764,false,not-selected
cross-community-distractor-replay,1401,0.5,D3,cand0169,1-5;3-6,2,764,false,not-selected
cross-community-distractor-replay,1401,0.5,D3,cand0170,1-5;3-7,2,764,false,not-selected
cross-community-distractor-replay,1401,0.5,D3,cand0171,1-5;4-6,2,764,false,not-selected
cross-community-distractor-replay,1401,0.5,D3,cand0172,1-5;4-7,2,764,false,not-selected
cross-community-distractor-replay,1401,0.5,D3,cand0173,1-5;6-7,2,764,false,not-selected
cross-community-distractor-replay,1401,0.5,D3,cand0174,1-6;2-3,2,764,false,not-selected
cross-community-distractor-replay,1401,0.5,D3,cand0175,1-6;2-4,2,764,false,not-selected
cross-community-distractor-replay,1401,0.5,D3,cand0176,1-6;2-5,2,764,false,not-selected
cross-community-distractor-replay,1401,0.5,D3,cand0177,1-6;2-7,2,764,false,not-selected
cross-community-distractor-replay,1401,0.5,D3,cand0178,1-6;3-4,2,764,false,not-selected
cross-community-distractor-replay,1401,0.5,D3,cand0179,1-6;3-5,2,764,false,not-selected
cross-community-distractor-replay,1401,0.5,D3,cand0180,1-6;3-7,2,764,false,not-selected
cross-community-distractor-replay,1401,0.5,D3,cand0181,1-6;4-5,2,764,false,not-selected
cross-community-distractor-replay,1401,0.5,D3,cand0182,1-6;4-7,2,764,false,not-selected
cross-community-distractor-replay,1401,0.5,D3,cand0183,1-6;5-7,2,764,false,not-selected
cross-community-distractor-replay,1401,0.5,D3,cand0184,1-7;2-3,2,764,false,not-selected
cross-community-distractor-replay,1401,0.5,D3,cand0185,1-7;2-4,2,764,false,not-selected
cross-community-distractor-replay,1401,0.5,D3,cand0186,1-7;2-5,2,764,false,not-selected
cross-community-distractor-replay,1401,0.5,D3,cand0187,1-7;2-6,2,764,false,not-selected
cross-community-distractor-replay,1401,0.5,D3,cand0188,1-7;3-4,2,764,false,not-selected
cross-community-distractor-replay,1401,0.5,D3,cand0189,1-7;3-5,2,764,false,not-selected
cross-community-distractor-replay,1401,0.5,D3,cand0190,1-7;3-6,2,764,false,not-selected
cross-community-distractor-replay,1401,0.5,D3,cand0191,1-7;4-5,2,764,false,not-selected
cross-community-distractor-replay,1401,0.5,D3,cand0192,1-7;4-6,2,764,false,not-selected
cross-community-distractor-replay,1401,0.5,D3,cand0193,1-7;5-6,2,764,false,not-selected
cross-community-distractor-replay,1401,0.5,D3,cand0194,2-3;4-5,2,764,false,high-impact-edge-pool|baseline-plus-high-impact
cross-community-distractor-replay,1401,0.5,D3,cand0195,2-3;4-6,2,764,false,not-selected
cross-community-distractor-replay,1401,0.5,D3,cand0196,2-3;4-7,2,764,false,not-selected
cross-community-distractor-replay,1401,0.5,D3,cand0197,2-3;5-6,2,764,false,high-impact-edge-pool|baseline-plus-high-impact
cross-community-distractor-replay,1401,0.5,D3,cand0198,2-3;5-7,2,764,false,not-selected
cross-community-distractor-replay,1401,0.5,D3,cand0199,2-3;6-7,2,764,false,high-impact-edge-pool|baseline-plus-high-impact
cross-community-distractor-replay,1401,0.5,D3,cand0200,2-4;3-5,2,764,false,not-selected
cross-community-distractor-replay,1401,0.5,D3,cand0201,2-4;3-6,2,764,false,not-selected
cross-community-distractor-replay,1401,0.5,D3,cand0202,2-4;3-7,2,764,false,not-selected
cross-community-distractor-replay,1401,0.5,D3,cand0203,2-4;5-6,2,764,false,not-selected
cross-community-distractor-replay,1401,0.5,D3,cand0204,2-4;5-7,2,764,false,not-selected
cross-community-distractor-replay,1401,0.5,D3,cand0205,2-4;6-7,2,764,false,not-selected
cross-community-distractor-replay,1401,0.5,D3,cand0206,2-5;3-4,2,764,false,not-selected
cross-community-distractor-replay,1401,0.5,D3,cand0207,2-5;3-6,2,764,false,not-selected
cross-community-distractor-replay,1401,0.5,D3,cand0208,2-5;3-7,2,764,false,not-selected
cross-community-distractor-replay,1401,0.5,D3,cand0209,2-5;4-6,2,764,false,not-selected
cross-community-distractor-replay,1401,0.5,D3,cand0210,2-5;4-7,2,764,false,not-selected
cross-community-distractor-replay,1401,0.5,D3,cand0211,2-5;6-7,2,764,false,not-selected
cross-community-distractor-replay,1401,0.5,D3,cand0212,2-6;3-4,2,764,false,not-selected
cross-community-distractor-replay,1401,0.5,D3,cand0213,2-6;3-5,2,764,false,not-selected
cross-community-distractor-replay,1401,0.5,D3,cand0214,2-6;3-7,2,764,false,not-selected
cross-community-distractor-replay,1401,0.5,D3,cand0215,2-6;4-5,2,764,false,not-selected
cross-community-distractor-replay,1401,0.5,D3,cand0216,2-6;4-7,2,764,false,not-selected
cross-community-distractor-replay,1401,0.5,D3,cand0217,2-6;5-7,2,764,false,not-selected
cross-community-distractor-replay,1401,0.5,D3,cand0218,2-7;3-4,2,764,false,not-selected
cross-community-distractor-replay,1401,0.5,D3,cand0219,2-7;3-5,2,764,false,not-selected
cross-community-distractor-replay,1401,0.5,D3,cand0220,2-7;3-6,2,764,false,not-selected
cross-community-distractor-replay,1401,0.5,D3,cand0221,2-7;4-5,2,764,false,not-selected
cross-community-distractor-replay,1401,0.5,D3,cand0222,2-7;4-6,2,764,false,not-selected
cross-community-distractor-replay,1401,0.5,D3,cand0223,2-7;5-6,2,764,false,not-selected
cross-community-distractor-replay,1401,0.5,D3,cand0224,3-4;5-6,2,764,false,high-impact-edge-pool
cross-community-distractor-replay,1401,0.5,D3,cand0225,3-4;5-7,2,764,false,not-selected
cross-community-distractor-replay,1401,0.5,D3,cand0226,3-4;6-7,2,764,false,high-impact-edge-pool|baseline-plus-high-impact
cross-community-distractor-replay,1401,0.5,D3,cand0227,3-5;4-6,2,764,false,not-selected
cross-community-distractor-replay,1401,0.5,D3,cand0228,3-5;4-7,2,764,false,not-selected
cross-community-distractor-replay,1401,0.5,D3,cand0229,3-5;6-7,2,764,false,not-selected
cross-community-distractor-replay,1401,0.5,D3,cand0230,3-6;4-5,2,764,false,not-selected
cross-community-distractor-replay,1401,0.5,D3,cand0231,3-6;4-7,2,764,false,not-selected
cross-community-distractor-replay,1401,0.5,D3,cand0232,3-6;5-7,2,764,false,not-selected
cross-community-distractor-replay,1401,0.5,D3,cand0233,3-7;4-5,2,764,false,not-selected
cross-community-distractor-replay,1401,0.5,D3,cand0234,3-7;4-6,2,764,false,not-selected
cross-community-distractor-replay,1401,0.5,D3,cand0235,3-7;5-6,2,764,false,not-selected
cross-community-distractor-replay,1401,0.5,D3,cand0236,4-5;6-7,2,764,false,high-impact-edge-pool|baseline-plus-high-impact
cross-community-distractor-replay,1401,0.5,D3,cand0237,4-6;5-7,2,764,false,not-selected
cross-community-distractor-replay,1401,0.5,D3,cand0238,4-7;5-6,2,764,false,not-selected
cross-community-distractor-replay,1401,0.5,D3,cand0239,0-1;2-3;4-5,3,764,true,high-impact-edge-pool|baseline-plus-high-impact
cross-community-distractor-replay,1401,0.5,D3,cand0240,0-1;2-3;4-6,3,764,false,not-selected
cross-community-distractor-replay,1401,0.5,D3,cand0241,0-1;2-3;4-7,3,764,false,not-selected
cross-community-distractor-replay,1401,0.5,D3,cand0242,0-1;2-3;5-6,3,764,true,high-impact-edge-pool|baseline-plus-high-impact
cross-community-distractor-replay,1401,0.5,D3,cand0243,0-1;2-3;5-7,3,764,false,not-selected
cross-community-distractor-replay,1401,0.5,D3,cand0244,0-1;2-3;6-7,3,764,true,high-impact-edge-pool|baseline-plus-high-impact
cross-community-distractor-replay,1401,0.5,D3,cand0245,0-1;2-4;3-5,3,764,false,not-selected
cross-community-distractor-replay,1401,0.5,D3,cand0246,0-1;2-4;3-6,3,764,false,not-selected
cross-community-distractor-replay,1401,0.5,D3,cand0247,0-1;2-4;3-7,3,764,false,not-selected
cross-community-distractor-replay,1401,0.5,D3,cand0248,0-1;2-4;5-6,3,764,false,not-selected
cross-community-distractor-replay,1401,0.5,D3,cand0249,0-1;2-4;5-7,3,764,false,not-selected
cross-community-distractor-replay,1401,0.5,D3,cand0250,0-1;2-4;6-7,3,764,false,not-selected
cross-community-distractor-replay,1401,0.5,D3,cand0251,0-1;2-5;3-4,3,764,false,not-selected
cross-community-distractor-replay,1401,0.5,D3,cand0252,0-1;2-5;3-6,3,764,false,not-selected
cross-community-distractor-replay,1401,0.5,D3,cand0253,0-1;2-5;3-7,3,764,false,not-selected
cross-community-distractor-replay,1401,0.5,D3,cand0254,0-1;2-5;4-6,3,764,false,not-selected
cross-community-distractor-replay,1401,0.5,D3,cand0255,0-1;2-5;4-7,3,764,false,not-selected
cross-community-distractor-replay,1401,0.5,D3,cand0256,0-1;2-5;6-7,3,764,false,not-selected
cross-community-distractor-replay,1401,0.5,D3,cand0257,0-1;2-6;3-4,3,764,false,not-selected
cross-community-distractor-replay,1401,0.5,D3,cand0258,0-1;2-6;3-5,3,764,false,not-selected
cross-community-distractor-replay,1401,0.5,D3,cand0259,0-1;2-6;3-7,3,764,false,not-selected
cross-community-distractor-replay,1401,0.5,D3,cand0260,0-1;2-6;4-5,3,764,false,not-selected
cross-community-distractor-replay,1401,0.5,D3,cand0261,0-1;2-6;4-7,3,764,false,not-selected
cross-community-distractor-replay,1401,0.5,D3,cand0262,0-1;2-6;5-7,3,764,false,not-selected
cross-community-distractor-replay,1401,0.5,D3,cand0263,0-1;2-7;3-4,3,764,false,not-selected
cross-community-distractor-replay,1401,0.5,D3,cand0264,0-1;2-7;3-5,3,764,false,not-selected
cross-community-distractor-replay,1401,0.5,D3,cand0265,0-1;2-7;3-6,3,764,false,not-selected
cross-community-distractor-replay,1401,0.5,D3,cand0266,0-1;2-7;4-5,3,764,false,not-selected
cross-community-distractor-replay,1401,0.5,D3,cand0267,0-1;2-7;4-6,3,764,false,not-selected
cross-community-distractor-replay,1401,0.5,D3,cand0268,0-1;2-7;5-6,3,764,false,not-selected
cross-community-distractor-replay,1401,0.5,D3,cand0269,0-1;3-4;5-6,3,764,false,high-impact-edge-pool|baseline-plus-high-impact
cross-community-distractor-replay,1401,0.5,D3,cand0270,0-1;3-4;5-7,3,764,false,not-selected
cross-community-distractor-replay,1401,0.5,D3,cand0271,0-1;3-4;6-7,3,764,false,high-impact-edge-pool|baseline-plus-high-impact
cross-community-distractor-replay,1401,0.5,D3,cand0272,0-1;3-5;4-6,3,764,false,not-selected
cross-community-distractor-replay,1401,0.5,D3,cand0273,0-1;3-5;4-7,3,764,false,not-selected
cross-community-distractor-replay,1401,0.5,D3,cand0274,0-1;3-5;6-7,3,764,false,not-selected
cross-community-distractor-replay,1401,0.5,D3,cand0275,0-1;3-6;4-5,3,764,false,not-selected
cross-community-distractor-replay,1401,0.5,D3,cand0276,0-1;3-6;4-7,3,764,false,not-selected
cross-community-distractor-replay,1401,0.5,D3,cand0277,0-1;3-6;5-7,3,764,false,not-selected
cross-community-distractor-replay,1401,0.5,D3,cand0278,0-1;3-7;4-5,3,764,false,not-selected
cross-community-distractor-replay,1401,0.5,D3,cand0279,0-1;3-7;4-6,3,764,false,not-selected
cross-community-distractor-replay,1401,0.5,D3,cand0280,0-1;3-7;5-6,3,764,false,not-selected
cross-community-distractor-replay,1401,0.5,D3,cand0281,0-1;4-5;6-7,3,764,false,high-impact-edge-pool|baseline-plus-high-impact
cross-community-distractor-replay,1401,0.5,D3,cand0282,0-1;4-6;5-7,3,764,false,not-selected
cross-community-distractor-replay,1401,0.5,D3,cand0283,0-1;4-7;5-6,3,764,false,not-selected
cross-community-distractor-replay,1401,0.5,D3,cand0284,0-2;1-3;4-5,3,764,false,not-selected
cross-community-distractor-replay,1401,0.5,D3,cand0285,0-2;1-3;4-6,3,764,false,not-selected
cross-community-distractor-replay,1401,0.5,D3,cand0286,0-2;1-3;4-7,3,764,false,not-selected
cross-community-distractor-replay,1401,0.5,D3,cand0287,0-2;1-3;5-6,3,764,false,not-selected
cross-community-distractor-replay,1401,0.5,D3,cand0288,0-2;1-3;5-7,3,764,false,not-selected
cross-community-distractor-replay,1401,0.5,D3,cand0289,0-2;1-3;6-7,3,764,false,not-selected
cross-community-distractor-replay,1401,0.5,D3,cand0290,0-2;1-4;3-5,3,764,false,not-selected
cross-community-distractor-replay,1401,0.5,D3,cand0291,0-2;1-4;3-6,3,764,false,not-selected
cross-community-distractor-replay,1401,0.5,D3,cand0292,0-2;1-4;3-7,3,764,false,not-selected
cross-community-distractor-replay,1401,0.5,D3,cand0293,0-2;1-4;5-6,3,764,false,not-selected
cross-community-distractor-replay,1401,0.5,D3,cand0294,0-2;1-4;5-7,3,764,false,not-selected
cross-community-distractor-replay,1401,0.5,D3,cand0295,0-2;1-4;6-7,3,764,false,not-selected
cross-community-distractor-replay,1401,0.5,D3,cand0296,0-2;1-5;3-4,3,764,false,not-selected
cross-community-distractor-replay,1401,0.5,D3,cand0297,0-2;1-5;3-6,3,764,false,not-selected
cross-community-distractor-replay,1401,0.5,D3,cand0298,0-2;1-5;3-7,3,764,false,not-selected
cross-community-distractor-replay,1401,0.5,D3,cand0299,0-2;1-5;4-6,3,764,false,not-selected
cross-community-distractor-replay,1401,0.5,D3,cand0300,0-2;1-5;4-7,3,764,false,not-selected
cross-community-distractor-replay,1401,0.5,D3,cand0301,0-2;1-5;6-7,3,764,false,not-selected
cross-community-distractor-replay,1401,0.5,D3,cand0302,0-2;1-6;3-4,3,764,false,not-selected
cross-community-distractor-replay,1401,0.5,D3,cand0303,0-2;1-6;3-5,3,764,false,not-selected
cross-community-distractor-replay,1401,0.5,D3,cand0304,0-2;1-6;3-7,3,764,false,not-selected
cross-community-distractor-replay,1401,0.5,D3,cand0305,0-2;1-6;4-5,3,764,false,not-selected
cross-community-distractor-replay,1401,0.5,D3,cand0306,0-2;1-6;4-7,3,764,false,not-selected
cross-community-distractor-replay,1401,0.5,D3,cand0307,0-2;1-6;5-7,3,764,false,not-selected
cross-community-distractor-replay,1401,0.5,D3,cand0308,0-2;1-7;3-4,3,764,false,not-selected
cross-community-distractor-replay,1401,0.5,D3,cand0309,0-2;1-7;3-5,3,764,false,not-selected
cross-community-distractor-replay,1401,0.5,D3,cand0310,0-2;1-7;3-6,3,764,false,not-selected
cross-community-distractor-replay,1401,0.5,D3,cand0311,0-2;1-7;4-5,3,764,false,not-selected
cross-community-distractor-replay,1401,0.5,D3,cand0312,0-2;1-7;4-6,3,764,false,not-selected
cross-community-distractor-replay,1401,0.5,D3,cand0313,0-2;1-7;5-6,3,764,false,not-selected
cross-community-distractor-replay,1401,0.5,D3,cand0314,0-2;3-4;5-6,3,764,false,not-selected
cross-community-distractor-replay,1401,0.5,D3,cand0315,0-2;3-4;5-7,3,764,false,not-selected
cross-community-distractor-replay,1401,0.5,D3,cand0316,0-2;3-4;6-7,3,764,false,not-selected
cross-community-distractor-replay,1401,0.5,D3,cand0317,0-2;3-5;4-6,3,764,false,not-selected
cross-community-distractor-replay,1401,0.5,D3,cand0318,0-2;3-5;4-7,3,764,false,not-selected
cross-community-distractor-replay,1401,0.5,D3,cand0319,0-2;3-5;6-7,3,764,false,not-selected
cross-community-distractor-replay,1401,0.5,D3,cand0320,0-2;3-6;4-5,3,764,false,not-selected
cross-community-distractor-replay,1401,0.5,D3,cand0321,0-2;3-6;4-7,3,764,false,not-selected
cross-community-distractor-replay,1401,0.5,D3,cand0322,0-2;3-6;5-7,3,764,false,not-selected
cross-community-distractor-replay,1401,0.5,D3,cand0323,0-2;3-7;4-5,3,764,false,not-selected
cross-community-distractor-replay,1401,0.5,D3,cand0324,0-2;3-7;4-6,3,764,false,not-selected
cross-community-distractor-replay,1401,0.5,D3,cand0325,0-2;3-7;5-6,3,764,false,not-selected
cross-community-distractor-replay,1401,0.5,D3,cand0326,0-2;4-5;6-7,3,764,false,not-selected
cross-community-distractor-replay,1401,0.5,D3,cand0327,0-2;4-6;5-7,3,764,false,not-selected
cross-community-distractor-replay,1401,0.5,D3,cand0328,0-2;4-7;5-6,3,764,false,not-selected
cross-community-distractor-replay,1401,0.5,D3,cand0329,0-3;1-2;4-5,3,764,false,not-selected
cross-community-distractor-replay,1401,0.5,D3,cand0330,0-3;1-2;4-6,3,764,false,not-selected
cross-community-distractor-replay,1401,0.5,D3,cand0331,0-3;1-2;4-7,3,764,false,not-selected
cross-community-distractor-replay,1401,0.5,D3,cand0332,0-3;1-2;5-6,3,764,false,not-selected
cross-community-distractor-replay,1401,0.5,D3,cand0333,0-3;1-2;5-7,3,764,false,not-selected
cross-community-distractor-replay,1401,0.5,D3,cand0334,0-3;1-2;6-7,3,764,false,not-selected
cross-community-distractor-replay,1401,0.5,D3,cand0335,0-3;1-4;2-5,3,764,false,not-selected
cross-community-distractor-replay,1401,0.5,D3,cand0336,0-3;1-4;2-6,3,764,false,not-selected
cross-community-distractor-replay,1401,0.5,D3,cand0337,0-3;1-4;2-7,3,764,false,not-selected
cross-community-distractor-replay,1401,0.5,D3,cand0338,0-3;1-4;5-6,3,764,false,not-selected
cross-community-distractor-replay,1401,0.5,D3,cand0339,0-3;1-4;5-7,3,764,false,not-selected
cross-community-distractor-replay,1401,0.5,D3,cand0340,0-3;1-4;6-7,3,764,false,not-selected
cross-community-distractor-replay,1401,0.5,D3,cand0341,0-3;1-5;2-4,3,764,false,not-selected
cross-community-distractor-replay,1401,0.5,D3,cand0342,0-3;1-5;2-6,3,764,false,not-selected
cross-community-distractor-replay,1401,0.5,D3,cand0343,0-3;1-5;2-7,3,764,false,not-selected
cross-community-distractor-replay,1401,0.5,D3,cand0344,0-3;1-5;4-6,3,764,false,not-selected
cross-community-distractor-replay,1401,0.5,D3,cand0345,0-3;1-5;4-7,3,764,false,not-selected
cross-community-distractor-replay,1401,0.5,D3,cand0346,0-3;1-5;6-7,3,764,false,not-selected
cross-community-distractor-replay,1401,0.5,D3,cand0347,0-3;1-6;2-4,3,764,false,not-selected
cross-community-distractor-replay,1401,0.5,D3,cand0348,0-3;1-6;2-5,3,764,false,not-selected
cross-community-distractor-replay,1401,0.5,D3,cand0349,0-3;1-6;2-7,3,764,false,not-selected
cross-community-distractor-replay,1401,0.5,D3,cand0350,0-3;1-6;4-5,3,764,false,not-selected
cross-community-distractor-replay,1401,0.5,D3,cand0351,0-3;1-6;4-7,3,764,false,not-selected
cross-community-distractor-replay,1401,0.5,D3,cand0352,0-3;1-6;5-7,3,764,false,not-selected
cross-community-distractor-replay,1401,0.5,D3,cand0353,0-3;1-7;2-4,3,764,false,not-selected
cross-community-distractor-replay,1401,0.5,D3,cand0354,0-3;1-7;2-5,3,764,false,not-selected
cross-community-distractor-replay,1401,0.5,D3,cand0355,0-3;1-7;2-6,3,764,false,not-selected
cross-community-distractor-replay,1401,0.5,D3,cand0356,0-3;1-7;4-5,3,764,false,not-selected
cross-community-distractor-replay,1401,0.5,D3,cand0357,0-3;1-7;4-6,3,764,false,not-selected
cross-community-distractor-replay,1401,0.5,D3,cand0358,0-3;1-7;5-6,3,764,false,not-selected
cross-community-distractor-replay,1401,0.5,D3,cand0359,0-3;2-4;5-6,3,764,false,not-selected
cross-community-distractor-replay,1401,0.5,D3,cand0360,0-3;2-4;5-7,3,764,false,not-selected
cross-community-distractor-replay,1401,0.5,D3,cand0361,0-3;2-4;6-7,3,764,false,not-selected
cross-community-distractor-replay,1401,0.5,D3,cand0362,0-3;2-5;4-6,3,764,false,not-selected
cross-community-distractor-replay,1401,0.5,D3,cand0363,0-3;2-5;4-7,3,764,false,not-selected
cross-community-distractor-replay,1401,0.5,D3,cand0364,0-3;2-5;6-7,3,764,false,not-selected
cross-community-distractor-replay,1401,0.5,D3,cand0365,0-3;2-6;4-5,3,764,false,not-selected
cross-community-distractor-replay,1401,0.5,D3,cand0366,0-3;2-6;4-7,3,764,false,not-selected
cross-community-distractor-replay,1401,0.5,D3,cand0367,0-3;2-6;5-7,3,764,false,not-selected
cross-community-distractor-replay,1401,0.5,D3,cand0368,0-3;2-7;4-5,3,764,false,not-selected
cross-community-distractor-replay,1401,0.5,D3,cand0369,0-3;2-7;4-6,3,764,false,not-selected
cross-community-distractor-replay,1401,0.5,D3,cand0370,0-3;2-7;5-6,3,764,false,not-selected
cross-community-distractor-replay,1401,0.5,D3,cand0371,0-3;4-5;6-7,3,764,false,not-selected
cross-community-distractor-replay,1401,0.5,D3,cand0372,0-3;4-6;5-7,3,764,false,not-selected
cross-community-distractor-replay,1401,0.5,D3,cand0373,0-3;4-7;5-6,3,764,false,not-selected
cross-community-distractor-replay,1401,0.5,D3,cand0374,0-4;1-2;3-5,3,764,false,not-selected
cross-community-distractor-replay,1401,0.5,D3,cand0375,0-4;1-2;3-6,3,764,false,not-selected
cross-community-distractor-replay,1401,0.5,D3,cand0376,0-4;1-2;3-7,3,764,false,not-selected
cross-community-distractor-replay,1401,0.5,D3,cand0377,0-4;1-2;5-6,3,764,false,high-impact-edge-pool|baseline-plus-high-impact
cross-community-distractor-replay,1401,0.5,D3,cand0378,0-4;1-2;5-7,3,764,false,not-selected
cross-community-distractor-replay,1401,0.5,D3,cand0379,0-4;1-2;6-7,3,764,false,high-impact-edge-pool|baseline-plus-high-impact
cross-community-distractor-replay,1401,0.5,D3,cand0380,0-4;1-3;2-5,3,764,false,not-selected
cross-community-distractor-replay,1401,0.5,D3,cand0381,0-4;1-3;2-6,3,764,false,not-selected
cross-community-distractor-replay,1401,0.5,D3,cand0382,0-4;1-3;2-7,3,764,false,not-selected
cross-community-distractor-replay,1401,0.5,D3,cand0383,0-4;1-3;5-6,3,764,false,not-selected
cross-community-distractor-replay,1401,0.5,D3,cand0384,0-4;1-3;5-7,3,764,false,not-selected
cross-community-distractor-replay,1401,0.5,D3,cand0385,0-4;1-3;6-7,3,764,false,not-selected
cross-community-distractor-replay,1401,0.5,D3,cand0386,0-4;1-5;2-3,3,764,false,not-selected
cross-community-distractor-replay,1401,0.5,D3,cand0387,0-4;1-5;2-6,3,764,false,not-selected
cross-community-distractor-replay,1401,0.5,D3,cand0388,0-4;1-5;2-7,3,764,false,not-selected
cross-community-distractor-replay,1401,0.5,D3,cand0389,0-4;1-5;3-6,3,764,false,not-selected
cross-community-distractor-replay,1401,0.5,D3,cand0390,0-4;1-5;3-7,3,764,false,not-selected
cross-community-distractor-replay,1401,0.5,D3,cand0391,0-4;1-5;6-7,3,764,false,not-selected
cross-community-distractor-replay,1401,0.5,D3,cand0392,0-4;1-6;2-3,3,764,false,not-selected
cross-community-distractor-replay,1401,0.5,D3,cand0393,0-4;1-6;2-5,3,764,false,not-selected
cross-community-distractor-replay,1401,0.5,D3,cand0394,0-4;1-6;2-7,3,764,false,not-selected
cross-community-distractor-replay,1401,0.5,D3,cand0395,0-4;1-6;3-5,3,764,false,not-selected
cross-community-distractor-replay,1401,0.5,D3,cand0396,0-4;1-6;3-7,3,764,false,not-selected
cross-community-distractor-replay,1401,0.5,D3,cand0397,0-4;1-6;5-7,3,764,false,not-selected
cross-community-distractor-replay,1401,0.5,D3,cand0398,0-4;1-7;2-3,3,764,false,not-selected
cross-community-distractor-replay,1401,0.5,D3,cand0399,0-4;1-7;2-5,3,764,false,not-selected
cross-community-distractor-replay,1401,0.5,D3,cand0400,0-4;1-7;2-6,3,764,false,not-selected
cross-community-distractor-replay,1401,0.5,D3,cand0401,0-4;1-7;3-5,3,764,false,not-selected
cross-community-distractor-replay,1401,0.5,D3,cand0402,0-4;1-7;3-6,3,764,false,not-selected
cross-community-distractor-replay,1401,0.5,D3,cand0403,0-4;1-7;5-6,3,764,false,not-selected
cross-community-distractor-replay,1401,0.5,D3,cand0404,0-4;2-3;5-6,3,764,false,high-impact-edge-pool|baseline-plus-high-impact
cross-community-distractor-replay,1401,0.5,D3,cand0405,0-4;2-3;5-7,3,764,false,not-selected
cross-community-distractor-replay,1401,0.5,D3,cand0406,0-4;2-3;6-7,3,764,false,high-impact-edge-pool|baseline-plus-high-impact
cross-community-distractor-replay,1401,0.5,D3,cand0407,0-4;2-5;3-6,3,764,false,not-selected
cross-community-distractor-replay,1401,0.5,D3,cand0408,0-4;2-5;3-7,3,764,false,not-selected
cross-community-distractor-replay,1401,0.5,D3,cand0409,0-4;2-5;6-7,3,764,false,not-selected
cross-community-distractor-replay,1401,0.5,D3,cand0410,0-4;2-6;3-5,3,764,false,not-selected
cross-community-distractor-replay,1401,0.5,D3,cand0411,0-4;2-6;3-7,3,764,false,not-selected
cross-community-distractor-replay,1401,0.5,D3,cand0412,0-4;2-6;5-7,3,764,false,not-selected
cross-community-distractor-replay,1401,0.5,D3,cand0413,0-4;2-7;3-5,3,764,false,not-selected
cross-community-distractor-replay,1401,0.5,D3,cand0414,0-4;2-7;3-6,3,764,false,not-selected
cross-community-distractor-replay,1401,0.5,D3,cand0415,0-4;2-7;5-6,3,764,false,not-selected
cross-community-distractor-replay,1401,0.5,D3,cand0416,0-4;3-5;6-7,3,764,false,not-selected
cross-community-distractor-replay,1401,0.5,D3,cand0417,0-4;3-6;5-7,3,764,false,not-selected
cross-community-distractor-replay,1401,0.5,D3,cand0418,0-4;3-7;5-6,3,764,false,not-selected
cross-community-distractor-replay,1401,0.5,D3,cand0419,0-5;1-2;3-4,3,764,false,not-selected
cross-community-distractor-replay,1401,0.5,D3,cand0420,0-5;1-2;3-6,3,764,false,not-selected
cross-community-distractor-replay,1401,0.5,D3,cand0421,0-5;1-2;3-7,3,764,false,not-selected
cross-community-distractor-replay,1401,0.5,D3,cand0422,0-5;1-2;4-6,3,764,false,not-selected
cross-community-distractor-replay,1401,0.5,D3,cand0423,0-5;1-2;4-7,3,764,false,not-selected
cross-community-distractor-replay,1401,0.5,D3,cand0424,0-5;1-2;6-7,3,764,false,not-selected
cross-community-distractor-replay,1401,0.5,D3,cand0425,0-5;1-3;2-4,3,764,false,not-selected
cross-community-distractor-replay,1401,0.5,D3,cand0426,0-5;1-3;2-6,3,764,false,not-selected
cross-community-distractor-replay,1401,0.5,D3,cand0427,0-5;1-3;2-7,3,764,false,not-selected
cross-community-distractor-replay,1401,0.5,D3,cand0428,0-5;1-3;4-6,3,764,false,not-selected
cross-community-distractor-replay,1401,0.5,D3,cand0429,0-5;1-3;4-7,3,764,false,not-selected
cross-community-distractor-replay,1401,0.5,D3,cand0430,0-5;1-3;6-7,3,764,false,not-selected
cross-community-distractor-replay,1401,0.5,D3,cand0431,0-5;1-4;2-3,3,764,false,not-selected
cross-community-distractor-replay,1401,0.5,D3,cand0432,0-5;1-4;2-6,3,764,false,not-selected
cross-community-distractor-replay,1401,0.5,D3,cand0433,0-5;1-4;2-7,3,764,false,not-selected
cross-community-distractor-replay,1401,0.5,D3,cand0434,0-5;1-4;3-6,3,764,false,not-selected
cross-community-distractor-replay,1401,0.5,D3,cand0435,0-5;1-4;3-7,3,764,false,not-selected
cross-community-distractor-replay,1401,0.5,D3,cand0436,0-5;1-4;6-7,3,764,false,not-selected
cross-community-distractor-replay,1401,0.5,D3,cand0437,0-5;1-6;2-3,3,764,false,not-selected
cross-community-distractor-replay,1401,0.5,D3,cand0438,0-5;1-6;2-4,3,764,false,not-selected
cross-community-distractor-replay,1401,0.5,D3,cand0439,0-5;1-6;2-7,3,764,false,not-selected
cross-community-distractor-replay,1401,0.5,D3,cand0440,0-5;1-6;3-4,3,764,false,not-selected
cross-community-distractor-replay,1401,0.5,D3,cand0441,0-5;1-6;3-7,3,764,false,not-selected
cross-community-distractor-replay,1401,0.5,D3,cand0442,0-5;1-6;4-7,3,764,false,not-selected
cross-community-distractor-replay,1401,0.5,D3,cand0443,0-5;1-7;2-3,3,764,false,not-selected
cross-community-distractor-replay,1401,0.5,D3,cand0444,0-5;1-7;2-4,3,764,false,not-selected
cross-community-distractor-replay,1401,0.5,D3,cand0445,0-5;1-7;2-6,3,764,false,not-selected
cross-community-distractor-replay,1401,0.5,D3,cand0446,0-5;1-7;3-4,3,764,false,not-selected
cross-community-distractor-replay,1401,0.5,D3,cand0447,0-5;1-7;3-6,3,764,false,not-selected
cross-community-distractor-replay,1401,0.5,D3,cand0448,0-5;1-7;4-6,3,764,false,not-selected
cross-community-distractor-replay,1401,0.5,D3,cand0449,0-5;2-3;4-6,3,764,false,not-selected
cross-community-distractor-replay,1401,0.5,D3,cand0450,0-5;2-3;4-7,3,764,false,not-selected
cross-community-distractor-replay,1401,0.5,D3,cand0451,0-5;2-3;6-7,3,764,false,not-selected
cross-community-distractor-replay,1401,0.5,D3,cand0452,0-5;2-4;3-6,3,764,false,not-selected
cross-community-distractor-replay,1401,0.5,D3,cand0453,0-5;2-4;3-7,3,764,false,not-selected
cross-community-distractor-replay,1401,0.5,D3,cand0454,0-5;2-4;6-7,3,764,false,not-selected
cross-community-distractor-replay,1401,0.5,D3,cand0455,0-5;2-6;3-4,3,764,false,not-selected
cross-community-distractor-replay,1401,0.5,D3,cand0456,0-5;2-6;3-7,3,764,false,not-selected
cross-community-distractor-replay,1401,0.5,D3,cand0457,0-5;2-6;4-7,3,764,false,not-selected
cross-community-distractor-replay,1401,0.5,D3,cand0458,0-5;2-7;3-4,3,764,false,not-selected
cross-community-distractor-replay,1401,0.5,D3,cand0459,0-5;2-7;3-6,3,764,false,not-selected
cross-community-distractor-replay,1401,0.5,D3,cand0460,0-5;2-7;4-6,3,764,false,not-selected
cross-community-distractor-replay,1401,0.5,D3,cand0461,0-5;3-4;6-7,3,764,false,not-selected
cross-community-distractor-replay,1401,0.5,D3,cand0462,0-5;3-6;4-7,3,764,false,not-selected
cross-community-distractor-replay,1401,0.5,D3,cand0463,0-5;3-7;4-6,3,764,false,not-selected
cross-community-distractor-replay,1401,0.5,D3,cand0464,0-6;1-2;3-4,3,764,false,not-selected
cross-community-distractor-replay,1401,0.5,D3,cand0465,0-6;1-2;3-5,3,764,false,not-selected
cross-community-distractor-replay,1401,0.5,D3,cand0466,0-6;1-2;3-7,3,764,false,not-selected
cross-community-distractor-replay,1401,0.5,D3,cand0467,0-6;1-2;4-5,3,764,false,not-selected
cross-community-distractor-replay,1401,0.5,D3,cand0468,0-6;1-2;4-7,3,764,false,not-selected
cross-community-distractor-replay,1401,0.5,D3,cand0469,0-6;1-2;5-7,3,764,false,not-selected
cross-community-distractor-replay,1401,0.5,D3,cand0470,0-6;1-3;2-4,3,764,false,not-selected
cross-community-distractor-replay,1401,0.5,D3,cand0471,0-6;1-3;2-5,3,764,false,not-selected
cross-community-distractor-replay,1401,0.5,D3,cand0472,0-6;1-3;2-7,3,764,false,not-selected
cross-community-distractor-replay,1401,0.5,D3,cand0473,0-6;1-3;4-5,3,764,false,not-selected
cross-community-distractor-replay,1401,0.5,D3,cand0474,0-6;1-3;4-7,3,764,false,not-selected
cross-community-distractor-replay,1401,0.5,D3,cand0475,0-6;1-3;5-7,3,764,false,not-selected
cross-community-distractor-replay,1401,0.5,D3,cand0476,0-6;1-4;2-3,3,764,false,not-selected
cross-community-distractor-replay,1401,0.5,D3,cand0477,0-6;1-4;2-5,3,764,false,not-selected
cross-community-distractor-replay,1401,0.5,D3,cand0478,0-6;1-4;2-7,3,764,false,not-selected
cross-community-distractor-replay,1401,0.5,D3,cand0479,0-6;1-4;3-5,3,764,false,not-selected
cross-community-distractor-replay,1401,0.5,D3,cand0480,0-6;1-4;3-7,3,764,false,not-selected
cross-community-distractor-replay,1401,0.5,D3,cand0481,0-6;1-4;5-7,3,764,false,not-selected
cross-community-distractor-replay,1401,0.5,D3,cand0482,0-6;1-5;2-3,3,764,false,not-selected
cross-community-distractor-replay,1401,0.5,D3,cand0483,0-6;1-5;2-4,3,764,false,not-selected
cross-community-distractor-replay,1401,0.5,D3,cand0484,0-6;1-5;2-7,3,764,false,not-selected
cross-community-distractor-replay,1401,0.5,D3,cand0485,0-6;1-5;3-4,3,764,false,not-selected
cross-community-distractor-replay,1401,0.5,D3,cand0486,0-6;1-5;3-7,3,764,false,not-selected
cross-community-distractor-replay,1401,0.5,D3,cand0487,0-6;1-5;4-7,3,764,false,not-selected
cross-community-distractor-replay,1401,0.5,D3,cand0488,0-6;1-7;2-3,3,764,false,not-selected
cross-community-distractor-replay,1401,0.5,D3,cand0489,0-6;1-7;2-4,3,764,false,not-selected
cross-community-distractor-replay,1401,0.5,D3,cand0490,0-6;1-7;2-5,3,764,false,not-selected
cross-community-distractor-replay,1401,0.5,D3,cand0491,0-6;1-7;3-4,3,764,false,not-selected
cross-community-distractor-replay,1401,0.5,D3,cand0492,0-6;1-7;3-5,3,764,false,not-selected
cross-community-distractor-replay,1401,0.5,D3,cand0493,0-6;1-7;4-5,3,764,false,not-selected
cross-community-distractor-replay,1401,0.5,D3,cand0494,0-6;2-3;4-5,3,764,false,not-selected
cross-community-distractor-replay,1401,0.5,D3,cand0495,0-6;2-3;4-7,3,764,false,not-selected
cross-community-distractor-replay,1401,0.5,D3,cand0496,0-6;2-3;5-7,3,764,false,not-selected
cross-community-distractor-replay,1401,0.5,D3,cand0497,0-6;2-4;3-5,3,764,false,not-selected
cross-community-distractor-replay,1401,0.5,D3,cand0498,0-6;2-4;3-7,3,764,false,not-selected
cross-community-distractor-replay,1401,0.5,D3,cand0499,0-6;2-4;5-7,3,764,false,not-selected
cross-community-distractor-replay,1401,0.5,D3,cand0500,0-6;2-5;3-4,3,764,false,not-selected
cross-community-distractor-replay,1401,0.5,D3,cand0501,0-6;2-5;3-7,3,764,false,not-selected
cross-community-distractor-replay,1401,0.5,D3,cand0502,0-6;2-5;4-7,3,764,false,not-selected
cross-community-distractor-replay,1401,0.5,D3,cand0503,0-6;2-7;3-4,3,764,false,not-selected
cross-community-distractor-replay,1401,0.5,D3,cand0504,0-6;2-7;3-5,3,764,false,not-selected
cross-community-distractor-replay,1401,0.5,D3,cand0505,0-6;2-7;4-5,3,764,false,not-selected
cross-community-distractor-replay,1401,0.5,D3,cand0506,0-6;3-4;5-7,3,764,false,not-selected
cross-community-distractor-replay,1401,0.5,D3,cand0507,0-6;3-5;4-7,3,764,false,not-selected
cross-community-distractor-replay,1401,0.5,D3,cand0508,0-6;3-7;4-5,3,764,false,not-selected
cross-community-distractor-replay,1401,0.5,D3,cand0509,0-7;1-2;3-4,3,764,false,not-selected
cross-community-distractor-replay,1401,0.5,D3,cand0510,0-7;1-2;3-5,3,764,false,not-selected
cross-community-distractor-replay,1401,0.5,D3,cand0511,0-7;1-2;3-6,3,764,false,not-selected
cross-community-distractor-replay,1401,0.5,D3,cand0512,0-7;1-2;4-5,3,764,false,not-selected
cross-community-distractor-replay,1401,0.5,D3,cand0513,0-7;1-2;4-6,3,764,false,not-selected
cross-community-distractor-replay,1401,0.5,D3,cand0514,0-7;1-2;5-6,3,764,false,not-selected
cross-community-distractor-replay,1401,0.5,D3,cand0515,0-7;1-3;2-4,3,764,false,not-selected
cross-community-distractor-replay,1401,0.5,D3,cand0516,0-7;1-3;2-5,3,764,false,not-selected
cross-community-distractor-replay,1401,0.5,D3,cand0517,0-7;1-3;2-6,3,764,false,not-selected
cross-community-distractor-replay,1401,0.5,D3,cand0518,0-7;1-3;4-5,3,764,false,not-selected
cross-community-distractor-replay,1401,0.5,D3,cand0519,0-7;1-3;4-6,3,764,false,not-selected
cross-community-distractor-replay,1401,0.5,D3,cand0520,0-7;1-3;5-6,3,764,false,not-selected
cross-community-distractor-replay,1401,0.5,D3,cand0521,0-7;1-4;2-3,3,764,false,not-selected
cross-community-distractor-replay,1401,0.5,D3,cand0522,0-7;1-4;2-5,3,764,false,not-selected
cross-community-distractor-replay,1401,0.5,D3,cand0523,0-7;1-4;2-6,3,764,false,not-selected
cross-community-distractor-replay,1401,0.5,D3,cand0524,0-7;1-4;3-5,3,764,false,not-selected
cross-community-distractor-replay,1401,0.5,D3,cand0525,0-7;1-4;3-6,3,764,false,not-selected
cross-community-distractor-replay,1401,0.5,D3,cand0526,0-7;1-4;5-6,3,764,false,not-selected
cross-community-distractor-replay,1401,0.5,D3,cand0527,0-7;1-5;2-3,3,764,false,not-selected
cross-community-distractor-replay,1401,0.5,D3,cand0528,0-7;1-5;2-4,3,764,false,not-selected
cross-community-distractor-replay,1401,0.5,D3,cand0529,0-7;1-5;2-6,3,764,false,not-selected
cross-community-distractor-replay,1401,0.5,D3,cand0530,0-7;1-5;3-4,3,764,false,not-selected
cross-community-distractor-replay,1401,0.5,D3,cand0531,0-7;1-5;3-6,3,764,false,not-selected
cross-community-distractor-replay,1401,0.5,D3,cand0532,0-7;1-5;4-6,3,764,false,not-selected
cross-community-distractor-replay,1401,0.5,D3,cand0533,0-7;1-6;2-3,3,764,false,not-selected
cross-community-distractor-replay,1401,0.5,D3,cand0534,0-7;1-6;2-4,3,764,false,not-selected
cross-community-distractor-replay,1401,0.5,D3,cand0535,0-7;1-6;2-5,3,764,false,not-selected
cross-community-distractor-replay,1401,0.5,D3,cand0536,0-7;1-6;3-4,3,764,false,not-selected
cross-community-distractor-replay,1401,0.5,D3,cand0537,0-7;1-6;3-5,3,764,false,not-selected
cross-community-distractor-replay,1401,0.5,D3,cand0538,0-7;1-6;4-5,3,764,false,not-selected
cross-community-distractor-replay,1401,0.5,D3,cand0539,0-7;2-3;4-5,3,764,false,not-selected
cross-community-distractor-replay,1401,0.5,D3,cand0540,0-7;2-3;4-6,3,764,false,not-selected
cross-community-distractor-replay,1401,0.5,D3,cand0541,0-7;2-3;5-6,3,764,false,not-selected
cross-community-distractor-replay,1401,0.5,D3,cand0542,0-7;2-4;3-5,3,764,false,not-selected
cross-community-distractor-replay,1401,0.5,D3,cand0543,0-7;2-4;3-6,3,764,false,not-selected
cross-community-distractor-replay,1401,0.5,D3,cand0544,0-7;2-4;5-6,3,764,false,not-selected
cross-community-distractor-replay,1401,0.5,D3,cand0545,0-7;2-5;3-4,3,764,false,not-selected
cross-community-distractor-replay,1401,0.5,D3,cand0546,0-7;2-5;3-6,3,764,false,not-selected
cross-community-distractor-replay,1401,0.5,D3,cand0547,0-7;2-5;4-6,3,764,false,not-selected
cross-community-distractor-replay,1401,0.5,D3,cand0548,0-7;2-6;3-4,3,764,false,not-selected
cross-community-distractor-replay,1401,0.5,D3,cand0549,0-7;2-6;3-5,3,764,false,not-selected
cross-community-distractor-replay,1401,0.5,D3,cand0550,0-7;2-6;4-5,3,764,false,not-selected
cross-community-distractor-replay,1401,0.5,D3,cand0551,0-7;3-4;5-6,3,764,false,not-selected
cross-community-distractor-replay,1401,0.5,D3,cand0552,0-7;3-5;4-6,3,764,false,not-selected
cross-community-distractor-replay,1401,0.5,D3,cand0553,0-7;3-6;4-5,3,764,false,not-selected
cross-community-distractor-replay,1401,0.5,D3,cand0554,1-2;3-4;5-6,3,764,false,high-impact-edge-pool|baseline-plus-high-impact
cross-community-distractor-replay,1401,0.5,D3,cand0555,1-2;3-4;5-7,3,764,false,not-selected
cross-community-distractor-replay,1401,0.5,D3,cand0556,1-2;3-4;6-7,3,764,false,high-impact-edge-pool|baseline-plus-high-impact
cross-community-distractor-replay,1401,0.5,D3,cand0557,1-2;3-5;4-6,3,764,false,not-selected
cross-community-distractor-replay,1401,0.5,D3,cand0558,1-2;3-5;4-7,3,764,false,not-selected
cross-community-distractor-replay,1401,0.5,D3,cand0559,1-2;3-5;6-7,3,764,false,not-selected
cross-community-distractor-replay,1401,0.5,D3,cand0560,1-2;3-6;4-5,3,764,false,not-selected
cross-community-distractor-replay,1401,0.5,D3,cand0561,1-2;3-6;4-7,3,764,false,not-selected
cross-community-distractor-replay,1401,0.5,D3,cand0562,1-2;3-6;5-7,3,764,false,not-selected
cross-community-distractor-replay,1401,0.5,D3,cand0563,1-2;3-7;4-5,3,764,false,not-selected
cross-community-distractor-replay,1401,0.5,D3,cand0564,1-2;3-7;4-6,3,764,false,not-selected
cross-community-distractor-replay,1401,0.5,D3,cand0565,1-2;3-7;5-6,3,764,false,not-selected
cross-community-distractor-replay,1401,0.5,D3,cand0566,1-2;4-5;6-7,3,764,true,baseline-round-edge-set|high-impact-edge-pool|baseline-plus-high-impact
cross-community-distractor-replay,1401,0.5,D3,cand0567,1-2;4-6;5-7,3,764,false,not-selected
cross-community-distractor-replay,1401,0.5,D3,cand0568,1-2;4-7;5-6,3,764,false,not-selected
cross-community-distractor-replay,1401,0.5,D3,cand0569,1-3;2-4;5-6,3,764,false,not-selected
cross-community-distractor-replay,1401,0.5,D3,cand0570,1-3;2-4;5-7,3,764,false,not-selected
cross-community-distractor-replay,1401,0.5,D3,cand0571,1-3;2-4;6-7,3,764,false,not-selected
cross-community-distractor-replay,1401,0.5,D3,cand0572,1-3;2-5;4-6,3,764,false,not-selected
cross-community-distractor-replay,1401,0.5,D3,cand0573,1-3;2-5;4-7,3,764,false,not-selected
cross-community-distractor-replay,1401,0.5,D3,cand0574,1-3;2-5;6-7,3,764,false,not-selected
cross-community-distractor-replay,1401,0.5,D3,cand0575,1-3;2-6;4-5,3,764,false,not-selected
cross-community-distractor-replay,1401,0.5,D3,cand0576,1-3;2-6;4-7,3,764,false,not-selected
cross-community-distractor-replay,1401,0.5,D3,cand0577,1-3;2-6;5-7,3,764,false,not-selected
cross-community-distractor-replay,1401,0.5,D3,cand0578,1-3;2-7;4-5,3,764,false,not-selected
cross-community-distractor-replay,1401,0.5,D3,cand0579,1-3;2-7;4-6,3,764,false,not-selected
cross-community-distractor-replay,1401,0.5,D3,cand0580,1-3;2-7;5-6,3,764,false,not-selected
cross-community-distractor-replay,1401,0.5,D3,cand0581,1-3;4-5;6-7,3,764,false,not-selected
cross-community-distractor-replay,1401,0.5,D3,cand0582,1-3;4-6;5-7,3,764,false,not-selected
cross-community-distractor-replay,1401,0.5,D3,cand0583,1-3;4-7;5-6,3,764,false,not-selected
cross-community-distractor-replay,1401,0.5,D3,cand0584,1-4;2-3;5-6,3,764,false,not-selected
cross-community-distractor-replay,1401,0.5,D3,cand0585,1-4;2-3;5-7,3,764,false,not-selected
cross-community-distractor-replay,1401,0.5,D3,cand0586,1-4;2-3;6-7,3,764,false,not-selected
cross-community-distractor-replay,1401,0.5,D3,cand0587,1-4;2-5;3-6,3,764,false,not-selected
cross-community-distractor-replay,1401,0.5,D3,cand0588,1-4;2-5;3-7,3,764,false,not-selected
cross-community-distractor-replay,1401,0.5,D3,cand0589,1-4;2-5;6-7,3,764,false,not-selected
cross-community-distractor-replay,1401,0.5,D3,cand0590,1-4;2-6;3-5,3,764,false,not-selected
cross-community-distractor-replay,1401,0.5,D3,cand0591,1-4;2-6;3-7,3,764,false,not-selected
cross-community-distractor-replay,1401,0.5,D3,cand0592,1-4;2-6;5-7,3,764,false,not-selected
cross-community-distractor-replay,1401,0.5,D3,cand0593,1-4;2-7;3-5,3,764,false,not-selected
cross-community-distractor-replay,1401,0.5,D3,cand0594,1-4;2-7;3-6,3,764,false,not-selected
cross-community-distractor-replay,1401,0.5,D3,cand0595,1-4;2-7;5-6,3,764,false,not-selected
cross-community-distractor-replay,1401,0.5,D3,cand0596,1-4;3-5;6-7,3,764,false,not-selected
cross-community-distractor-replay,1401,0.5,D3,cand0597,1-4;3-6;5-7,3,764,false,not-selected
cross-community-distractor-replay,1401,0.5,D3,cand0598,1-4;3-7;5-6,3,764,false,not-selected
cross-community-distractor-replay,1401,0.5,D3,cand0599,1-5;2-3;4-6,3,764,false,not-selected
cross-community-distractor-replay,1401,0.5,D3,cand0600,1-5;2-3;4-7,3,764,false,not-selected
cross-community-distractor-replay,1401,0.5,D3,cand0601,1-5;2-3;6-7,3,764,false,not-selected
cross-community-distractor-replay,1401,0.5,D3,cand0602,1-5;2-4;3-6,3,764,false,not-selected
cross-community-distractor-replay,1401,0.5,D3,cand0603,1-5;2-4;3-7,3,764,false,not-selected
cross-community-distractor-replay,1401,0.5,D3,cand0604,1-5;2-4;6-7,3,764,false,not-selected
cross-community-distractor-replay,1401,0.5,D3,cand0605,1-5;2-6;3-4,3,764,false,not-selected
cross-community-distractor-replay,1401,0.5,D3,cand0606,1-5;2-6;3-7,3,764,false,not-selected
cross-community-distractor-replay,1401,0.5,D3,cand0607,1-5;2-6;4-7,3,764,false,not-selected
cross-community-distractor-replay,1401,0.5,D3,cand0608,1-5;2-7;3-4,3,764,false,not-selected
cross-community-distractor-replay,1401,0.5,D3,cand0609,1-5;2-7;3-6,3,764,false,not-selected
cross-community-distractor-replay,1401,0.5,D3,cand0610,1-5;2-7;4-6,3,764,false,not-selected
cross-community-distractor-replay,1401,0.5,D3,cand0611,1-5;3-4;6-7,3,764,false,not-selected
cross-community-distractor-replay,1401,0.5,D3,cand0612,1-5;3-6;4-7,3,764,false,not-selected
cross-community-distractor-replay,1401,0.5,D3,cand0613,1-5;3-7;4-6,3,764,false,not-selected
cross-community-distractor-replay,1401,0.5,D3,cand0614,1-6;2-3;4-5,3,764,false,not-selected
cross-community-distractor-replay,1401,0.5,D3,cand0615,1-6;2-3;4-7,3,764,false,not-selected
cross-community-distractor-replay,1401,0.5,D3,cand0616,1-6;2-3;5-7,3,764,false,not-selected
cross-community-distractor-replay,1401,0.5,D3,cand0617,1-6;2-4;3-5,3,764,false,not-selected
cross-community-distractor-replay,1401,0.5,D3,cand0618,1-6;2-4;3-7,3,764,false,not-selected
cross-community-distractor-replay,1401,0.5,D3,cand0619,1-6;2-4;5-7,3,764,false,not-selected
cross-community-distractor-replay,1401,0.5,D3,cand0620,1-6;2-5;3-4,3,764,false,not-selected
cross-community-distractor-replay,1401,0.5,D3,cand0621,1-6;2-5;3-7,3,764,false,not-selected
cross-community-distractor-replay,1401,0.5,D3,cand0622,1-6;2-5;4-7,3,764,false,not-selected
cross-community-distractor-replay,1401,0.5,D3,cand0623,1-6;2-7;3-4,3,764,false,not-selected
cross-community-distractor-replay,1401,0.5,D3,cand0624,1-6;2-7;3-5,3,764,false,not-selected
cross-community-distractor-replay,1401,0.5,D3,cand0625,1-6;2-7;4-5,3,764,false,not-selected
cross-community-distractor-replay,1401,0.5,D3,cand0626,1-6;3-4;5-7,3,764,false,not-selected
cross-community-distractor-replay,1401,0.5,D3,cand0627,1-6;3-5;4-7,3,764,false,not-selected
cross-community-distractor-replay,1401,0.5,D3,cand0628,1-6;3-7;4-5,3,764,false,not-selected
cross-community-distractor-replay,1401,0.5,D3,cand0629,1-7;2-3;4-5,3,764,false,not-selected
cross-community-distractor-replay,1401,0.5,D3,cand0630,1-7;2-3;4-6,3,764,false,not-selected
cross-community-distractor-replay,1401,0.5,D3,cand0631,1-7;2-3;5-6,3,764,false,not-selected
cross-community-distractor-replay,1401,0.5,D3,cand0632,1-7;2-4;3-5,3,764,false,not-selected
cross-community-distractor-replay,1401,0.5,D3,cand0633,1-7;2-4;3-6,3,764,false,not-selected
cross-community-distractor-replay,1401,0.5,D3,cand0634,1-7;2-4;5-6,3,764,false,not-selected
cross-community-distractor-replay,1401,0.5,D3,cand0635,1-7;2-5;3-4,3,764,false,not-selected
cross-community-distractor-replay,1401,0.5,D3,cand0636,1-7;2-5;3-6,3,764,false,not-selected
cross-community-distractor-replay,1401,0.5,D3,cand0637,1-7;2-5;4-6,3,764,false,not-selected
cross-community-distractor-replay,1401,0.5,D3,cand0638,1-7;2-6;3-4,3,764,false,not-selected
cross-community-distractor-replay,1401,0.5,D3,cand0639,1-7;2-6;3-5,3,764,false,not-selected
cross-community-distractor-replay,1401,0.5,D3,cand0640,1-7;2-6;4-5,3,764,false,not-selected
cross-community-distractor-replay,1401,0.5,D3,cand0641,1-7;3-4;5-6,3,764,false,not-selected
cross-community-distractor-replay,1401,0.5,D3,cand0642,1-7;3-5;4-6,3,764,false,not-selected
cross-community-distractor-replay,1401,0.5,D3,cand0643,1-7;3-6;4-5,3,764,false,not-selected
cross-community-distractor-replay,1401,0.5,D3,cand0644,2-3;4-5;6-7,3,764,false,high-impact-edge-pool|baseline-plus-high-impact
cross-community-distractor-replay,1401,0.5,D3,cand0645,2-3;4-6;5-7,3,764,false,not-selected
cross-community-distractor-replay,1401,0.5,D3,cand0646,2-3;4-7;5-6,3,764,false,not-selected
cross-community-distractor-replay,1401,0.5,D3,cand0647,2-4;3-5;6-7,3,764,false,not-selected
cross-community-distractor-replay,1401,0.5,D3,cand0648,2-4;3-6;5-7,3,764,false,not-selected
cross-community-distractor-replay,1401,0.5,D3,cand0649,2-4;3-7;5-6,3,764,false,not-selected
cross-community-distractor-replay,1401,0.5,D3,cand0650,2-5;3-4;6-7,3,764,false,not-selected
cross-community-distractor-replay,1401,0.5,D3,cand0651,2-5;3-6;4-7,3,764,false,not-selected
cross-community-distractor-replay,1401,0.5,D3,cand0652,2-5;3-7;4-6,3,764,false,not-selected
cross-community-distractor-replay,1401,0.5,D3,cand0653,2-6;3-4;5-7,3,764,false,not-selected
cross-community-distractor-replay,1401,0.5,D3,cand0654,2-6;3-5;4-7,3,764,false,not-selected
cross-community-distractor-replay,1401,0.5,D3,cand0655,2-6;3-7;4-5,3,764,false,not-selected
cross-community-distractor-replay,1401,0.5,D3,cand0656,2-7;3-4;5-6,3,764,false,not-selected
cross-community-distractor-replay,1401,0.5,D3,cand0657,2-7;3-5;4-6,3,764,false,not-selected
cross-community-distractor-replay,1401,0.5,D3,cand0658,2-7;3-6;4-5,3,764,false,not-selected
cross-community-distractor-replay,1401,0.5,D3,cand0659,0-1;2-3;4-5;6-7,4,764,true,baseline-round-edge-set|high-impact-edge-pool|baseline-plus-high-impact
cross-community-distractor-replay,1401,0.5,D3,cand0660,0-1;2-3;4-6;5-7,4,764,false,not-selected
cross-community-distractor-replay,1401,0.5,D3,cand0661,0-1;2-3;4-7;5-6,4,764,false,not-selected
cross-community-distractor-replay,1401,0.5,D3,cand0662,0-1;2-4;3-5;6-7,4,764,false,not-selected
cross-community-distractor-replay,1401,0.5,D3,cand0663,0-1;2-4;3-6;5-7,4,764,false,not-selected
cross-community-distractor-replay,1401,0.5,D3,cand0664,0-1;2-4;3-7;5-6,4,764,false,not-selected
cross-community-distractor-replay,1401,0.5,D3,cand0665,0-1;2-5;3-4;6-7,4,764,false,not-selected
cross-community-distractor-replay,1401,0.5,D3,cand0666,0-1;2-5;3-6;4-7,4,764,false,not-selected
cross-community-distractor-replay,1401,0.5,D3,cand0667,0-1;2-5;3-7;4-6,4,764,false,not-selected
cross-community-distractor-replay,1401,0.5,D3,cand0668,0-1;2-6;3-4;5-7,4,764,false,not-selected
cross-community-distractor-replay,1401,0.5,D3,cand0669,0-1;2-6;3-5;4-7,4,764,false,not-selected
cross-community-distractor-replay,1401,0.5,D3,cand0670,0-1;2-6;3-7;4-5,4,764,false,not-selected
cross-community-distractor-replay,1401,0.5,D3,cand0671,0-1;2-7;3-4;5-6,4,764,false,not-selected
cross-community-distractor-replay,1401,0.5,D3,cand0672,0-1;2-7;3-5;4-6,4,764,false,not-selected
cross-community-distractor-replay,1401,0.5,D3,cand0673,0-1;2-7;3-6;4-5,4,764,false,not-selected
cross-community-distractor-replay,1401,0.5,D3,cand0674,0-2;1-3;4-5;6-7,4,764,false,not-selected
cross-community-distractor-replay,1401,0.5,D3,cand0675,0-2;1-3;4-6;5-7,4,764,false,not-selected
cross-community-distractor-replay,1401,0.5,D3,cand0676,0-2;1-3;4-7;5-6,4,764,false,not-selected
cross-community-distractor-replay,1401,0.5,D3,cand0677,0-2;1-4;3-5;6-7,4,764,false,not-selected
cross-community-distractor-replay,1401,0.5,D3,cand0678,0-2;1-4;3-6;5-7,4,764,false,not-selected
cross-community-distractor-replay,1401,0.5,D3,cand0679,0-2;1-4;3-7;5-6,4,764,false,not-selected
cross-community-distractor-replay,1401,0.5,D3,cand0680,0-2;1-5;3-4;6-7,4,764,false,not-selected
cross-community-distractor-replay,1401,0.5,D3,cand0681,0-2;1-5;3-6;4-7,4,764,false,not-selected
cross-community-distractor-replay,1401,0.5,D3,cand0682,0-2;1-5;3-7;4-6,4,764,false,not-selected
cross-community-distractor-replay,1401,0.5,D3,cand0683,0-2;1-6;3-4;5-7,4,764,false,not-selected
cross-community-distractor-replay,1401,0.5,D3,cand0684,0-2;1-6;3-5;4-7,4,764,false,not-selected
cross-community-distractor-replay,1401,0.5,D3,cand0685,0-2;1-6;3-7;4-5,4,764,false,not-selected
cross-community-distractor-replay,1401,0.5,D3,cand0686,0-2;1-7;3-4;5-6,4,764,false,not-selected
cross-community-distractor-replay,1401,0.5,D3,cand0687,0-2;1-7;3-5;4-6,4,764,false,not-selected
cross-community-distractor-replay,1401,0.5,D3,cand0688,0-2;1-7;3-6;4-5,4,764,false,not-selected
cross-community-distractor-replay,1401,0.5,D3,cand0689,0-3;1-2;4-5;6-7,4,764,false,not-selected
cross-community-distractor-replay,1401,0.5,D3,cand0690,0-3;1-2;4-6;5-7,4,764,false,not-selected
cross-community-distractor-replay,1401,0.5,D3,cand0691,0-3;1-2;4-7;5-6,4,764,false,not-selected
cross-community-distractor-replay,1401,0.5,D3,cand0692,0-3;1-4;2-5;6-7,4,764,false,not-selected
cross-community-distractor-replay,1401,0.5,D3,cand0693,0-3;1-4;2-6;5-7,4,764,false,not-selected
cross-community-distractor-replay,1401,0.5,D3,cand0694,0-3;1-4;2-7;5-6,4,764,false,not-selected
cross-community-distractor-replay,1401,0.5,D3,cand0695,0-3;1-5;2-4;6-7,4,764,false,not-selected
cross-community-distractor-replay,1401,0.5,D3,cand0696,0-3;1-5;2-6;4-7,4,764,false,not-selected
cross-community-distractor-replay,1401,0.5,D3,cand0697,0-3;1-5;2-7;4-6,4,764,false,not-selected
cross-community-distractor-replay,1401,0.5,D3,cand0698,0-3;1-6;2-4;5-7,4,764,false,not-selected
cross-community-distractor-replay,1401,0.5,D3,cand0699,0-3;1-6;2-5;4-7,4,764,false,not-selected
cross-community-distractor-replay,1401,0.5,D3,cand0700,0-3;1-6;2-7;4-5,4,764,false,not-selected
cross-community-distractor-replay,1401,0.5,D3,cand0701,0-3;1-7;2-4;5-6,4,764,false,not-selected
cross-community-distractor-replay,1401,0.5,D3,cand0702,0-3;1-7;2-5;4-6,4,764,false,not-selected
cross-community-distractor-replay,1401,0.5,D3,cand0703,0-3;1-7;2-6;4-5,4,764,false,not-selected
cross-community-distractor-replay,1401,0.5,D3,cand0704,0-4;1-2;3-5;6-7,4,764,false,not-selected
cross-community-distractor-replay,1401,0.5,D3,cand0705,0-4;1-2;3-6;5-7,4,764,false,not-selected
cross-community-distractor-replay,1401,0.5,D3,cand0706,0-4;1-2;3-7;5-6,4,764,false,not-selected
cross-community-distractor-replay,1401,0.5,D3,cand0707,0-4;1-3;2-5;6-7,4,764,false,not-selected
cross-community-distractor-replay,1401,0.5,D3,cand0708,0-4;1-3;2-6;5-7,4,764,false,not-selected
cross-community-distractor-replay,1401,0.5,D3,cand0709,0-4;1-3;2-7;5-6,4,764,false,not-selected
cross-community-distractor-replay,1401,0.5,D3,cand0710,0-4;1-5;2-3;6-7,4,764,false,not-selected
cross-community-distractor-replay,1401,0.5,D3,cand0711,0-4;1-5;2-6;3-7,4,764,false,not-selected
cross-community-distractor-replay,1401,0.5,D3,cand0712,0-4;1-5;2-7;3-6,4,764,false,not-selected
cross-community-distractor-replay,1401,0.5,D3,cand0713,0-4;1-6;2-3;5-7,4,764,false,not-selected
cross-community-distractor-replay,1401,0.5,D3,cand0714,0-4;1-6;2-5;3-7,4,764,false,not-selected
cross-community-distractor-replay,1401,0.5,D3,cand0715,0-4;1-6;2-7;3-5,4,764,false,not-selected
cross-community-distractor-replay,1401,0.5,D3,cand0716,0-4;1-7;2-3;5-6,4,764,false,not-selected
cross-community-distractor-replay,1401,0.5,D3,cand0717,0-4;1-7;2-5;3-6,4,764,false,not-selected
cross-community-distractor-replay,1401,0.5,D3,cand0718,0-4;1-7;2-6;3-5,4,764,false,not-selected
cross-community-distractor-replay,1401,0.5,D3,cand0719,0-5;1-2;3-4;6-7,4,764,false,not-selected
cross-community-distractor-replay,1401,0.5,D3,cand0720,0-5;1-2;3-6;4-7,4,764,false,not-selected
cross-community-distractor-replay,1401,0.5,D3,cand0721,0-5;1-2;3-7;4-6,4,764,false,not-selected
cross-community-distractor-replay,1401,0.5,D3,cand0722,0-5;1-3;2-4;6-7,4,764,false,not-selected
cross-community-distractor-replay,1401,0.5,D3,cand0723,0-5;1-3;2-6;4-7,4,764,false,not-selected
cross-community-distractor-replay,1401,0.5,D3,cand0724,0-5;1-3;2-7;4-6,4,764,false,not-selected
cross-community-distractor-replay,1401,0.5,D3,cand0725,0-5;1-4;2-3;6-7,4,764,false,not-selected
cross-community-distractor-replay,1401,0.5,D3,cand0726,0-5;1-4;2-6;3-7,4,764,false,not-selected
cross-community-distractor-replay,1401,0.5,D3,cand0727,0-5;1-4;2-7;3-6,4,764,false,not-selected
cross-community-distractor-replay,1401,0.5,D3,cand0728,0-5;1-6;2-3;4-7,4,764,false,not-selected
cross-community-distractor-replay,1401,0.5,D3,cand0729,0-5;1-6;2-4;3-7,4,764,false,not-selected
cross-community-distractor-replay,1401,0.5,D3,cand0730,0-5;1-6;2-7;3-4,4,764,false,not-selected
cross-community-distractor-replay,1401,0.5,D3,cand0731,0-5;1-7;2-3;4-6,4,764,false,not-selected
cross-community-distractor-replay,1401,0.5,D3,cand0732,0-5;1-7;2-4;3-6,4,764,false,not-selected
cross-community-distractor-replay,1401,0.5,D3,cand0733,0-5;1-7;2-6;3-4,4,764,false,not-selected
cross-community-distractor-replay,1401,0.5,D3,cand0734,0-6;1-2;3-4;5-7,4,764,false,not-selected
cross-community-distractor-replay,1401,0.5,D3,cand0735,0-6;1-2;3-5;4-7,4,764,false,not-selected
cross-community-distractor-replay,1401,0.5,D3,cand0736,0-6;1-2;3-7;4-5,4,764,false,not-selected
cross-community-distractor-replay,1401,0.5,D3,cand0737,0-6;1-3;2-4;5-7,4,764,false,not-selected
cross-community-distractor-replay,1401,0.5,D3,cand0738,0-6;1-3;2-5;4-7,4,764,false,not-selected
cross-community-distractor-replay,1401,0.5,D3,cand0739,0-6;1-3;2-7;4-5,4,764,false,not-selected
cross-community-distractor-replay,1401,0.5,D3,cand0740,0-6;1-4;2-3;5-7,4,764,false,not-selected
cross-community-distractor-replay,1401,0.5,D3,cand0741,0-6;1-4;2-5;3-7,4,764,false,not-selected
cross-community-distractor-replay,1401,0.5,D3,cand0742,0-6;1-4;2-7;3-5,4,764,false,not-selected
cross-community-distractor-replay,1401,0.5,D3,cand0743,0-6;1-5;2-3;4-7,4,764,false,not-selected
cross-community-distractor-replay,1401,0.5,D3,cand0744,0-6;1-5;2-4;3-7,4,764,false,not-selected
cross-community-distractor-replay,1401,0.5,D3,cand0745,0-6;1-5;2-7;3-4,4,764,false,not-selected
cross-community-distractor-replay,1401,0.5,D3,cand0746,0-6;1-7;2-3;4-5,4,764,false,not-selected
cross-community-distractor-replay,1401,0.5,D3,cand0747,0-6;1-7;2-4;3-5,4,764,false,not-selected
cross-community-distractor-replay,1401,0.5,D3,cand0748,0-6;1-7;2-5;3-4,4,764,false,not-selected
cross-community-distractor-replay,1401,0.5,D3,cand0749,0-7;1-2;3-4;5-6,4,764,false,not-selected
cross-community-distractor-replay,1401,0.5,D3,cand0750,0-7;1-2;3-5;4-6,4,764,false,not-selected
cross-community-distractor-replay,1401,0.5,D3,cand0751,0-7;1-2;3-6;4-5,4,764,false,not-selected
cross-community-distractor-replay,1401,0.5,D3,cand0752,0-7;1-3;2-4;5-6,4,764,false,not-selected
cross-community-distractor-replay,1401,0.5,D3,cand0753,0-7;1-3;2-5;4-6,4,764,false,not-selected
cross-community-distractor-replay,1401,0.5,D3,cand0754,0-7;1-3;2-6;4-5,4,764,false,not-selected
cross-community-distractor-replay,1401,0.5,D3,cand0755,0-7;1-4;2-3;5-6,4,764,false,not-selected
cross-community-distractor-replay,1401,0.5,D3,cand0756,0-7;1-4;2-5;3-6,4,764,false,not-selected
cross-community-distractor-replay,1401,0.5,D3,cand0757,0-7;1-4;2-6;3-5,4,764,false,not-selected
cross-community-distractor-replay,1401,0.5,D3,cand0758,0-7;1-5;2-3;4-6,4,764,false,not-selected
cross-community-distractor-replay,1401,0.5,D3,cand0759,0-7;1-5;2-4;3-6,4,764,false,not-selected
cross-community-distractor-replay,1401,0.5,D3,cand0760,0-7;1-5;2-6;3-4,4,764,false,not-selected
cross-community-distractor-replay,1401,0.5,D3,cand0761,0-7;1-6;2-3;4-5,4,764,false,not-selected
cross-community-distractor-replay,1401,0.5,D3,cand0762,0-7;1-6;2-4;3-5,4,764,false,not-selected
cross-community-distractor-replay,1401,0.5,D3,cand0763,0-7;1-6;2-5;3-4,4,764,false,not-selected
