experiment,scheme,traffic_pattern,run_id,flow_id,source_tor,source_server,destination_tor,destination_server,path_type,size_bytes,received_bytes,start_time_s,completion_time_s,fct_s,completed
phase15h-r4-cross-community-distractor-replay-tl-ocs-seed1401-load0p5,tl-ocs,cross-community-distractor-replay,1401,0,0,0,1,0,eps,630000,630000,0.0041,0.008362796,0.004262796,true
phase15h-r4-cross-community-distractor-replay-tl-ocs-seed1401-load0p5,tl-ocs,cross-community-distractor-replay,1401,1,1,0,2,0,eps,630000,630000,0.00412,0.008140431,0.004020431,true
phase15h-r4-cross-community-distractor-replay-tl-ocs-seed1401-load0p5,tl-ocs,cross-community-distractor-replay,1401,2,4,0,5,0,eps,630000,630000,0.00414,0.008414205,0.004274205,true
phase15h-r4-cross-community-distractor-replay-tl-ocs-seed1401-load0p5,tl-ocs,cross-community-distractor-replay,1401,3,5,0,6,0,eps,630000,630000,0.00416,0.008443202,0.004283202,true
phase15h-r4-cross-community-distractor-replay-tl-ocs-seed1401-load0p5,tl-ocs,cross-community-distractor-replay,1401,4,2,0,3,0,eps,630000,630000,0.00418,0.008313063,0.004133063,true
phase15h-r4-cross-community-distractor-replay-tl-ocs-seed1401-load0p5,tl-ocs,cross-community-distractor-replay,1401,5,6,0,7,0,eps,630000,630000,0.0042,0.008431141,0.004231141,true
phase15h-r4-cross-community-distractor-replay-tl-ocs-seed1401-load0p5,tl-ocs,cross-community-distractor-replay,1401,6,3,0,4,0,eps,792000,792000,0.00422,0.009216586,0.004996586,true
phase15h-r4-cross-community-distractor-replay-tl-ocs-seed1401-load0p5,tl-ocs,cross-community-distractor-replay,1401,7,0,0,4,0,eps,348000,348000,0.00424,0.007335684,0.003095684,true
phase15h-r4-cross-community-distractor-replay-tl-ocs-seed1401-load0p5,tl-ocs,cross-community-distractor-replay,1401,8,1,0,5,0,eps,312000,312000,0.00426,0.007215464,0.002955464,true
phase15h-r4-cross-community-distractor-replay-tl-ocs-seed1401-load0p5,tl-ocs,cross-community-distractor-replay,1401,9,2,0,6,0,eps,300000,300000,0.00428,0.007086251,0.002806251,true
phase15h-r4-cross-community-distractor-replay-tl-ocs-seed1401-load0p5,tl-ocs,cross-community-distractor-replay,1401,10,0,0,1,0,eps,630000,630000,0.0043,0.008555617,0.004255617,true
phase15h-r4-cross-community-distractor-replay-tl-ocs-seed1401-load0p5,tl-ocs,cross-community-distractor-replay,1401,11,1,0,2,0,eps,630000,630000,0.00432,0.008337426,0.004017426,true
phase15h-r4-cross-community-distractor-replay-tl-ocs-seed1401-load0p5,tl-ocs,cross-community-distractor-replay,1401,12,4,0,5,0,eps,630000,630000,0.00434,0.008660784,0.004320784,true
phase15h-r4-cross-community-distractor-replay-tl-ocs-seed1401-load0p5,tl-ocs,cross-community-distractor-replay,1401,13,5,0,6,0,eps,630000,630000,0.00436,0.0086517,0.0042917,true
phase15h-r4-cross-community-distractor-replay-tl-ocs-seed1401-load0p5,tl-ocs,cross-community-distractor-replay,1401,14,2,0,3,0,eps,630000,630000,0.00438,0.008504557,0.004124557,true
phase15h-r4-cross-community-distractor-replay-tl-ocs-seed1401-load0p5,tl-ocs,cross-community-distractor-replay,1401,15,6,0,7,0,eps,630000,630000,0.0044,0.008667237,0.004267237,true
phase15h-r4-cross-community-distractor-replay-tl-ocs-seed1401-load0p5,tl-ocs,cross-community-distractor-replay,1401,16,3,0,4,0,eps,792000,792000,0.00442,0.009428289,0.005008289,true
phase15h-r4-cross-community-distractor-replay-tl-ocs-seed1401-load0p5,tl-ocs,cross-community-distractor-replay,1401,17,0,0,4,0,eps,348000,348000,0.00444,0.00752362,0.00308362,true
phase15h-r4-cross-community-distractor-replay-tl-ocs-seed1401-load0p5,tl-ocs,cross-community-distractor-replay,1401,18,1,0,5,0,eps,312000,312000,0.00446,0.007398639,0.002938639,true
phase15h-r4-cross-community-distractor-replay-tl-ocs-seed1401-load0p5,tl-ocs,cross-community-distractor-replay,1401,19,2,0,6,0,eps,300000,300000,0.00448,0.007294451,0.002814451,true
phase15h-r4-cross-community-distractor-replay-tl-ocs-seed1401-load0p5,tl-ocs,cross-community-distractor-replay,1401,20,0,0,1,0,ocs,3480000,3480000,0.0051,0.011504984,0.006404984,true
phase15h-r4-cross-community-distractor-replay-tl-ocs-seed1401-load0p5,tl-ocs,cross-community-distractor-replay,1401,21,1,0,2,0,eps,3480000,2849792,0.00512,,,false
phase15h-r4-cross-community-distractor-replay-tl-ocs-seed1401-load0p5,tl-ocs,cross-community-distractor-replay,1401,22,4,0,5,0,ocs,2520000,2520000,0.00514,0.011078857,0.005938857,true
phase15h-r4-cross-community-distractor-replay-tl-ocs-seed1401-load0p5,tl-ocs,cross-community-distractor-replay,1401,23,5,0,6,0,eps,1386000,1386000,0.00516,0.015631503,0.010471503,true
phase15h-r4-cross-community-distractor-replay-tl-ocs-seed1401-load0p5,tl-ocs,cross-community-distractor-replay,1401,24,2,0,3,0,ocs,2520000,2520000,0.00518,0.010016164,0.004836164,true
phase15h-r4-cross-community-distractor-replay-tl-ocs-seed1401-load0p5,tl-ocs,cross-community-distractor-replay,1401,25,6,0,7,0,ocs,4320000,4320000,0.0052,0.012394293,0.007194293,true
phase15h-r4-cross-community-distractor-replay-tl-ocs-seed1401-load0p5,tl-ocs,cross-community-distractor-replay,1401,26,3,0,4,0,eps,1425600,1425600,0.00522,0.017220314,0.012000314,true
phase15h-r4-cross-community-distractor-replay-tl-ocs-seed1401-load0p5,tl-ocs,cross-community-distractor-replay,1401,27,0,0,4,0,eps,1392000,1392000,0.00524,0.01688193,0.01164193,true
phase15h-r4-cross-community-distractor-replay-tl-ocs-seed1401-load0p5,tl-ocs,cross-community-distractor-replay,1401,28,1,0,5,0,eps,1248000,1248000,0.00526,0.014643301,0.009383301,true
phase15h-r4-cross-community-distractor-replay-tl-ocs-seed1401-load0p5,tl-ocs,cross-community-distractor-replay,1401,29,2,0,6,0,eps,1200000,1200000,0.00528,0.014281772,0.009001772,true
phase15h-r4-cross-community-distractor-replay-tl-ocs-seed1401-load0p5,tl-ocs,cross-community-distractor-replay,1401,30,0,0,1,0,ocs,3480000,3480000,0.0053,0.011750812,0.006450812,true
phase15h-r4-cross-community-distractor-replay-tl-ocs-seed1401-load0p5,tl-ocs,cross-community-distractor-replay,1401,31,1,0,2,0,eps,3480000,2782208,0.00532,,,false
phase15h-r4-cross-community-distractor-replay-tl-ocs-seed1401-load0p5,tl-ocs,cross-community-distractor-replay,1401,32,4,0,5,0,ocs,2520000,2520000,0.00534,0.011625698,0.006285698,true
phase15h-r4-cross-community-distractor-replay-tl-ocs-seed1401-load0p5,tl-ocs,cross-community-distractor-replay,1401,33,5,0,6,0,eps,1386000,1386000,0.00536,0.016502784,0.011142784,true
phase15h-r4-cross-community-distractor-replay-tl-ocs-seed1401-load0p5,tl-ocs,cross-community-distractor-replay,1401,34,2,0,3,0,ocs,2520000,2520000,0.00538,0.010222212,0.004842212,true
phase15h-r4-cross-community-distractor-replay-tl-ocs-seed1401-load0p5,tl-ocs,cross-community-distractor-replay,1401,35,6,0,7,0,ocs,4320000,4320000,0.0054,0.01266034,0.00726034,true
phase15h-r4-cross-community-distractor-replay-tl-ocs-seed1401-load0p5,tl-ocs,cross-community-distractor-replay,1401,36,3,0,4,0,eps,1425600,1425600,0.00542,0.018061934,0.012641934,true
phase15h-r4-cross-community-distractor-replay-tl-ocs-seed1401-load0p5,tl-ocs,cross-community-distractor-replay,1401,37,0,0,4,0,eps,1392000,1392000,0.00544,0.017749847,0.012309847,true
phase15h-r4-cross-community-distractor-replay-tl-ocs-seed1401-load0p5,tl-ocs,cross-community-distractor-replay,1401,38,1,0,5,0,eps,1248000,1248000,0.00546,0.015319536,0.009859536,true
phase15h-r4-cross-community-distractor-replay-tl-ocs-seed1401-load0p5,tl-ocs,cross-community-distractor-replay,1401,39,2,0,6,0,eps,1200000,1200000,0.00548,0.014742621,0.009262621,true
phase15h-r4-cross-community-distractor-replay-tl-ocs-seed1401-load0p5,tl-ocs,cross-community-distractor-replay,1401,40,0,0,1,0,ocs,630000,630000,0.0091,0.013051974,0.003951974,true
phase15h-r4-cross-community-distractor-replay-tl-ocs-seed1401-load0p5,tl-ocs,cross-community-distractor-replay,1401,41,1,0,2,0,eps,630000,630000,0.00912,0.016504323,0.007384323,true
phase15h-r4-cross-community-distractor-replay-tl-ocs-seed1401-load0p5,tl-ocs,cross-community-distractor-replay,1401,42,4,0,5,0,ocs,630000,630000,0.00914,0.013211868,0.004071868,true
phase15h-r4-cross-community-distractor-replay-tl-ocs-seed1401-load0p5,tl-ocs,cross-community-distractor-replay,1401,43,5,0,6,0,eps,630000,630000,0.00916,0.016423499,0.007263499,true
phase15h-r4-cross-community-distractor-replay-tl-ocs-seed1401-load0p5,tl-ocs,cross-community-distractor-replay,1401,44,2,0,3,0,ocs,630000,630000,0.00918,0.011885834,0.002705834,true
phase15h-r4-cross-community-distractor-replay-tl-ocs-seed1401-load0p5,tl-ocs,cross-community-distractor-replay,1401,45,6,0,7,0,ocs,630000,630000,0.0092,0.013141114,0.003941114,true
phase15h-r4-cross-community-distractor-replay-tl-ocs-seed1401-load0p5,tl-ocs,cross-community-distractor-replay,1401,46,3,0,4,0,eps,792000,792000,0.00922,0.01904567,0.00982567,true
phase15h-r4-cross-community-distractor-replay-tl-ocs-seed1401-load0p5,tl-ocs,cross-community-distractor-replay,1401,47,0,0,4,0,eps,348000,348000,0.00924,0.014976577,0.005736577,true
phase15h-r4-cross-community-distractor-replay-tl-ocs-seed1401-load0p5,tl-ocs,cross-community-distractor-replay,1401,48,1,0,5,0,eps,312000,312000,0.00926,0.013320563,0.004060563,true
phase15h-r4-cross-community-distractor-replay-tl-ocs-seed1401-load0p5,tl-ocs,cross-community-distractor-replay,1401,49,2,0,6,0,eps,300000,300000,0.00928,0.013287472,0.004007472,true
phase15h-r4-cross-community-distractor-replay-tl-ocs-seed1401-load0p5,tl-ocs,cross-community-distractor-replay,1401,50,0,0,1,0,ocs,630000,630000,0.0093,0.013317721,0.004017721,true
phase15h-r4-cross-community-distractor-replay-tl-ocs-seed1401-load0p5,tl-ocs,cross-community-distractor-replay,1401,51,1,0,2,0,eps,630000,630000,0.00932,0.016812673,0.007492673,true
phase15h-r4-cross-community-distractor-replay-tl-ocs-seed1401-load0p5,tl-ocs,cross-community-distractor-replay,1401,52,4,0,5,0,ocs,630000,630000,0.00934,0.013336631,0.003996631,true
phase15h-r4-cross-community-distractor-replay-tl-ocs-seed1401-load0p5,tl-ocs,cross-community-distractor-replay,1401,53,5,0,6,0,eps,630000,630000,0.00936,0.016671931,0.007311931,true
phase15h-r4-cross-community-distractor-replay-tl-ocs-seed1401-load0p5,tl-ocs,cross-community-distractor-replay,1401,54,2,0,3,0,ocs,630000,630000,0.00938,0.012074598,0.002694598,true
phase15h-r4-cross-community-distractor-replay-tl-ocs-seed1401-load0p5,tl-ocs,cross-community-distractor-replay,1401,55,6,0,7,0,ocs,630000,630000,0.0094,0.013407514,0.004007514,true
phase15h-r4-cross-community-distractor-replay-tl-ocs-seed1401-load0p5,tl-ocs,cross-community-distractor-replay,1401,56,3,0,4,0,eps,792000,792000,0.00942,0.019421718,0.010001718,true
phase15h-r4-cross-community-distractor-replay-tl-ocs-seed1401-load0p5,tl-ocs,cross-community-distractor-replay,1401,57,0,0,4,0,eps,348000,348000,0.00944,0.013762272,0.004322272,true
phase15h-r4-cross-community-distractor-replay-tl-ocs-seed1401-load0p5,tl-ocs,cross-community-distractor-replay,1401,58,1,0,5,0,eps,312000,312000,0.00946,0.013510353,0.004050353,true
phase15h-r4-cross-community-distractor-replay-tl-ocs-seed1401-load0p5,tl-ocs,cross-community-distractor-replay,1401,59,2,0,6,0,eps,300000,300000,0.00948,0.013531125,0.004051125,true
phase15h-r4-cross-community-distractor-replay-tl-ocs-seed1401-load0p5,tl-ocs,cross-community-distractor-replay,1401,60,0,0,1,0,ocs,3480000,3480000,0.0101,0.018529753,0.008429753,true
phase15h-r4-cross-community-distractor-replay-tl-ocs-seed1401-load0p5,tl-ocs,cross-community-distractor-replay,1401,61,1,0,2,0,eps,3480000,1922096,0.01012,,,false
phase15h-r4-cross-community-distractor-replay-tl-ocs-seed1401-load0p5,tl-ocs,cross-community-distractor-replay,1401,62,4,0,5,0,ocs,2520000,2520000,0.01014,0.017542582,0.007402582,true
phase15h-r4-cross-community-distractor-replay-tl-ocs-seed1401-load0p5,tl-ocs,cross-community-distractor-replay,1401,63,5,0,6,0,eps,1386000,1386000,0.01016,0.028908965,0.018748965,true
phase15h-r4-cross-community-distractor-replay-tl-ocs-seed1401-load0p5,tl-ocs,cross-community-distractor-replay,1401,64,2,0,3,0,ocs,2520000,2520000,0.01018,0.015016433,0.004836433,true
phase15h-r4-cross-community-distractor-replay-tl-ocs-seed1401-load0p5,tl-ocs,cross-community-distractor-replay,1401,65,6,0,7,0,ocs,4320000,4320000,0.0102,0.019384394,0.009184394,true
phase15h-r4-cross-community-distractor-replay-tl-ocs-seed1401-load0p5,tl-ocs,cross-community-distractor-replay,1401,66,3,0,4,0,eps,1425600,1425600,0.01022,0.03285741,0.02263741,true
phase15h-r4-cross-community-distractor-replay-tl-ocs-seed1401-load0p5,tl-ocs,cross-community-distractor-replay,1401,67,0,0,4,0,eps,1392000,1392000,0.01024,0.036377689,0.026137689,true
phase15h-r4-cross-community-distractor-replay-tl-ocs-seed1401-load0p5,tl-ocs,cross-community-distractor-replay,1401,68,1,0,5,0,eps,1248000,1248000,0.01026,0.029309149,0.019049149,true
phase15h-r4-cross-community-distractor-replay-tl-ocs-seed1401-load0p5,tl-ocs,cross-community-distractor-replay,1401,69,2,0,6,0,eps,1200000,1200000,0.01028,0.025461215,0.015181215,true
phase15h-r4-cross-community-distractor-replay-tl-ocs-seed1401-load0p5,tl-ocs,cross-community-distractor-replay,1401,70,0,0,1,0,ocs,3480000,3480000,0.0103,0.0186631,0.0083631,true
phase15h-r4-cross-community-distractor-replay-tl-ocs-seed1401-load0p5,tl-ocs,cross-community-distractor-replay,1401,71,1,0,2,0,eps,3480000,1901728,0.01032,,,false
phase15h-r4-cross-community-distractor-replay-tl-ocs-seed1401-load0p5,tl-ocs,cross-community-distractor-replay,1401,72,4,0,5,0,ocs,2520000,2520000,0.01034,0.017666817,0.007326817,true
phase15h-r4-cross-community-distractor-replay-tl-ocs-seed1401-load0p5,tl-ocs,cross-community-distractor-replay,1401,73,5,0,6,0,eps,1386000,1386000,0.01036,0.029164476,0.018804476,true
phase15h-r4-cross-community-distractor-replay-tl-ocs-seed1401-load0p5,tl-ocs,cross-community-distractor-replay,1401,74,2,0,3,0,ocs,2520000,2520000,0.01038,0.01522141,0.00484141,true
phase15h-r4-cross-community-distractor-replay-tl-ocs-seed1401-load0p5,tl-ocs,cross-community-distractor-replay,1401,75,6,0,7,0,ocs,4320000,4320000,0.0104,0.019519158,0.009119158,true
phase15h-r4-cross-community-distractor-replay-tl-ocs-seed1401-load0p5,tl-ocs,cross-community-distractor-replay,1401,76,3,0,4,0,eps,1425600,1425600,0.01042,0.033762704,0.023342704,true
phase15h-r4-cross-community-distractor-replay-tl-ocs-seed1401-load0p5,tl-ocs,cross-community-distractor-replay,1401,77,0,0,4,0,eps,1392000,1392000,0.01044,0.032629068,0.022189068,true
phase15h-r4-cross-community-distractor-replay-tl-ocs-seed1401-load0p5,tl-ocs,cross-community-distractor-replay,1401,78,1,0,5,0,eps,1248000,1248000,0.01046,0.029882085,0.019422085,true
phase15h-r4-cross-community-distractor-replay-tl-ocs-seed1401-load0p5,tl-ocs,cross-community-distractor-replay,1401,79,2,0,6,0,eps,1200000,1200000,0.01048,0.025815785,0.015335785,true
phase15h-r4-cross-community-distractor-replay-tl-ocs-seed1401-load0p5,tl-ocs,cross-community-distractor-replay,1401,80,0,0,1,0,ocs,630000,630000,0.0141,0.018230775,0.004130775,true
phase15h-r4-cross-community-distractor-replay-tl-ocs-seed1401-load0p5,tl-ocs,cross-community-distractor-replay,1401,81,1,0,2,0,eps,630000,630000,0.01412,0.024120177,0.010000177,true
phase15h-r4-cross-community-distractor-replay-tl-ocs-seed1401-load0p5,tl-ocs,cross-community-distractor-replay,1401,82,4,0,5,0,ocs,630000,630000,0.01414,0.018184052,0.004044052,true
phase15h-r4-cross-community-distractor-replay-tl-ocs-seed1401-load0p5,tl-ocs,cross-community-distractor-replay,1401,83,5,0,6,0,eps,630000,630000,0.01416,0.022778541,0.008618541,true
phase15h-r4-cross-community-distractor-replay-tl-ocs-seed1401-load0p5,tl-ocs,cross-community-distractor-replay,1401,84,2,0,3,0,ocs,630000,630000,0.01418,0.016893161,0.002713161,true
phase15h-r4-cross-community-distractor-replay-tl-ocs-seed1401-load0p5,tl-ocs,cross-community-distractor-replay,1401,85,6,0,7,0,ocs,630000,630000,0.0142,0.018288305,0.004088305,true
phase15h-r4-cross-community-distractor-replay-tl-ocs-seed1401-load0p5,tl-ocs,cross-community-distractor-replay,1401,86,3,0,4,0,eps,792000,792000,0.01422,0.02711505,0.01289505,true
phase15h-r4-cross-community-distractor-replay-tl-ocs-seed1401-load0p5,tl-ocs,cross-community-distractor-replay,1401,87,0,0,4,0,eps,348000,348000,0.01424,0.019662514,0.005422514,true
phase15h-r4-cross-community-distractor-replay-tl-ocs-seed1401-load0p5,tl-ocs,cross-community-distractor-replay,1401,88,1,0,5,0,eps,312000,312000,0.01426,0.019014746,0.004754746,true
phase15h-r4-cross-community-distractor-replay-tl-ocs-seed1401-load0p5,tl-ocs,cross-community-distractor-replay,1401,89,2,0,6,0,eps,300000,300000,0.01428,0.01851214,0.00423214,true
phase15h-r4-cross-community-distractor-replay-tl-ocs-seed1401-load0p5,tl-ocs,cross-community-distractor-replay,1401,90,0,0,1,0,ocs,630000,630000,0.0143,0.018366104,0.004066104,true
phase15h-r4-cross-community-distractor-replay-tl-ocs-seed1401-load0p5,tl-ocs,cross-community-distractor-replay,1401,91,1,0,2,0,eps,630000,630000,0.01432,0.024428407,0.010108407,true
phase15h-r4-cross-community-distractor-replay-tl-ocs-seed1401-load0p5,tl-ocs,cross-community-distractor-replay,1401,92,4,0,5,0,ocs,630000,630000,0.01434,0.034369186,0.020029186,true
phase15h-r4-cross-community-distractor-replay-tl-ocs-seed1401-load0p5,tl-ocs,cross-community-distractor-replay,1401,93,5,0,6,0,eps,630000,630000,0.01436,0.023054416,0.008694416,true
phase15h-r4-cross-community-distractor-replay-tl-ocs-seed1401-load0p5,tl-ocs,cross-community-distractor-replay,1401,94,2,0,3,0,ocs,630000,630000,0.01438,0.017085584,0.002705584,true
phase15h-r4-cross-community-distractor-replay-tl-ocs-seed1401-load0p5,tl-ocs,cross-community-distractor-replay,1401,95,6,0,7,0,ocs,630000,630000,0.0144,0.018541558,0.004141558,true
phase15h-r4-cross-community-distractor-replay-tl-ocs-seed1401-load0p5,tl-ocs,cross-community-distractor-replay,1401,96,3,0,4,0,eps,792000,792000,0.01442,0.027326131,0.012906131,true
phase15h-r4-cross-community-distractor-replay-tl-ocs-seed1401-load0p5,tl-ocs,cross-community-distractor-replay,1401,97,0,0,4,0,eps,348000,348000,0.01444,0.019788485,0.005348485,true
phase15h-r4-cross-community-distractor-replay-tl-ocs-seed1401-load0p5,tl-ocs,cross-community-distractor-replay,1401,98,1,0,5,0,eps,312000,312000,0.01446,0.019230031,0.004770031,true
phase15h-r4-cross-community-distractor-replay-tl-ocs-seed1401-load0p5,tl-ocs,cross-community-distractor-replay,1401,99,2,0,6,0,eps,300000,300000,0.01448,0.01871499,0.00423499,true
phase15h-r4-cross-community-distractor-replay-tl-ocs-seed1401-load0p5,tl-ocs,cross-community-distractor-replay,1401,100,0,0,1,0,ocs,3480000,3480000,0.0151,0.023383404,0.008283404,true
phase15h-r4-cross-community-distractor-replay-tl-ocs-seed1401-load0p5,tl-ocs,cross-community-distractor-replay,1401,101,1,0,2,0,eps,3480000,1454168,0.01512,,,false
phase15h-r4-cross-community-distractor-replay-tl-ocs-seed1401-load0p5,tl-ocs,cross-community-distractor-replay,1401,102,4,0,5,0,ocs,2520000,2520000,0.01514,0.022527298,0.007387298,true
phase15h-r4-cross-community-distractor-replay-tl-ocs-seed1401-load0p5,tl-ocs,cross-community-distractor-replay,1401,103,5,0,6,0,eps,1386000,1386000,0.01516,0.040047383,0.024887383,true
phase15h-r4-cross-community-distractor-replay-tl-ocs-seed1401-load0p5,tl-ocs,cross-community-distractor-replay,1401,104,2,0,3,0,ocs,2520000,2520000,0.01518,0.020017063,0.004837063,true
phase15h-r4-cross-community-distractor-replay-tl-ocs-seed1401-load0p5,tl-ocs,cross-community-distractor-replay,1401,105,6,0,7,0,ocs,4320000,4320000,0.0152,0.024301071,0.009101071,true
phase15h-r4-cross-community-distractor-replay-tl-ocs-seed1401-load0p5,tl-ocs,cross-community-distractor-replay,1401,106,3,0,4,0,eps,1425600,1425600,0.01522,0.044878518,0.029658518,true
phase15h-r4-cross-community-distractor-replay-tl-ocs-seed1401-load0p5,tl-ocs,cross-community-distractor-replay,1401,107,0,0,4,0,eps,1392000,1392000,0.01524,0.049551876,0.034311876,true
phase15h-r4-cross-community-distractor-replay-tl-ocs-seed1401-load0p5,tl-ocs,cross-community-distractor-replay,1401,108,1,0,5,0,eps,1248000,1248000,0.01526,0.042954037,0.027694037,true
phase15h-r4-cross-community-distractor-replay-tl-ocs-seed1401-load0p5,tl-ocs,cross-community-distractor-replay,1401,109,2,0,6,0,eps,1200000,1200000,0.01528,0.035691526,0.020411526,true
phase15h-r4-cross-community-distractor-replay-tl-ocs-seed1401-load0p5,tl-ocs,cross-community-distractor-replay,1401,110,0,0,1,0,ocs,3480000,3480000,0.0153,0.023611515,0.008311515,true
phase15h-r4-cross-community-distractor-replay-tl-ocs-seed1401-load0p5,tl-ocs,cross-community-distractor-replay,1401,111,1,0,2,0,eps,3480000,1441840,0.01532,,,false
phase15h-r4-cross-community-distractor-replay-tl-ocs-seed1401-load0p5,tl-ocs,cross-community-distractor-replay,1401,112,4,0,5,0,ocs,2520000,2520000,0.01534,0.022614364,0.007274364,true
phase15h-r4-cross-community-distractor-replay-tl-ocs-seed1401-load0p5,tl-ocs,cross-community-distractor-replay,1401,113,5,0,6,0,eps,1386000,1386000,0.01536,0.040403496,0.025043496,true
phase15h-r4-cross-community-distractor-replay-tl-ocs-seed1401-load0p5,tl-ocs,cross-community-distractor-replay,1401,114,2,0,3,0,ocs,2520000,2520000,0.01538,0.020222336,0.004842336,true
phase15h-r4-cross-community-distractor-replay-tl-ocs-seed1401-load0p5,tl-ocs,cross-community-distractor-replay,1401,115,6,0,7,0,ocs,4320000,4320000,0.0154,0.024735374,0.009335374,true
phase15h-r4-cross-community-distractor-replay-tl-ocs-seed1401-load0p5,tl-ocs,cross-community-distractor-replay,1401,116,3,0,4,0,eps,1425600,1425600,0.01542,0.045319195,0.029899195,true
phase15h-r4-cross-community-distractor-replay-tl-ocs-seed1401-load0p5,tl-ocs,cross-community-distractor-replay,1401,117,0,0,4,0,eps,1392000,1392000,0.01544,0.044251042,0.028811042,true
phase15h-r4-cross-community-distractor-replay-tl-ocs-seed1401-load0p5,tl-ocs,cross-community-distractor-replay,1401,118,1,0,5,0,eps,1248000,1248000,0.01546,0.043368923,0.027908923,true
phase15h-r4-cross-community-distractor-replay-tl-ocs-seed1401-load0p5,tl-ocs,cross-community-distractor-replay,1401,119,2,0,6,0,eps,1200000,1200000,0.01548,0.036100765,0.020620765,true
phase15h-r4-cross-community-distractor-replay-tl-ocs-seed1401-load0p5,tl-ocs,cross-community-distractor-replay,1401,120,0,0,1,0,ocs,630000,630000,0.0191,0.023199815,0.004099815,true
phase15h-r4-cross-community-distractor-replay-tl-ocs-seed1401-load0p5,tl-ocs,cross-community-distractor-replay,1401,121,1,0,2,0,eps,630000,630000,0.01912,0.032954746,0.013834746,true
phase15h-r4-cross-community-distractor-replay-tl-ocs-seed1401-load0p5,tl-ocs,cross-community-distractor-replay,1401,122,4,0,5,0,ocs,630000,630000,0.01914,0.023104177,0.003964177,true
phase15h-r4-cross-community-distractor-replay-tl-ocs-seed1401-load0p5,tl-ocs,cross-community-distractor-replay,1401,123,5,0,6,0,eps,630000,630000,0.01916,0.030580072,0.011420072,true
phase15h-r4-cross-community-distractor-replay-tl-ocs-seed1401-load0p5,tl-ocs,cross-community-distractor-replay,1401,124,2,0,3,0,ocs,630000,630000,0.01918,0.021901022,0.002721022,true
phase15h-r4-cross-community-distractor-replay-tl-ocs-seed1401-load0p5,tl-ocs,cross-community-distractor-replay,1401,125,6,0,7,0,ocs,630000,630000,0.0192,0.023262353,0.004062353,true
phase15h-r4-cross-community-distractor-replay-tl-ocs-seed1401-load0p5,tl-ocs,cross-community-distractor-replay,1401,126,3,0,4,0,eps,792000,792000,0.01922,0.035405464,0.016185464,true
phase15h-r4-cross-community-distractor-replay-tl-ocs-seed1401-load0p5,tl-ocs,cross-community-distractor-replay,1401,127,0,0,4,0,eps,348000,348000,0.01924,0.025492295,0.006252295,true
phase15h-r4-cross-community-distractor-replay-tl-ocs-seed1401-load0p5,tl-ocs,cross-community-distractor-replay,1401,128,1,0,5,0,eps,312000,312000,0.01926,0.025425488,0.006165488,true
phase15h-r4-cross-community-distractor-replay-tl-ocs-seed1401-load0p5,tl-ocs,cross-community-distractor-replay,1401,129,2,0,6,0,eps,300000,300000,0.01928,0.024525463,0.005245463,true
phase15h-r4-cross-community-distractor-replay-tl-ocs-seed1401-load0p5,tl-ocs,cross-community-distractor-replay,1401,130,0,0,1,0,ocs,630000,630000,0.0193,0.023302337,0.004002337,true
phase15h-r4-cross-community-distractor-replay-tl-ocs-seed1401-load0p5,tl-ocs,cross-community-distractor-replay,1401,131,1,0,2,0,eps,630000,630000,0.01932,0.033274579,0.013954579,true
phase15h-r4-cross-community-distractor-replay-tl-ocs-seed1401-load0p5,tl-ocs,cross-community-distractor-replay,1401,132,4,0,5,0,ocs,630000,630000,0.01934,0.023393637,0.004053637,true
phase15h-r4-cross-community-distractor-replay-tl-ocs-seed1401-load0p5,tl-ocs,cross-community-distractor-replay,1401,133,5,0,6,0,eps,630000,630000,0.01936,0.030818193,0.011458193,true
phase15h-r4-cross-community-distractor-replay-tl-ocs-seed1401-load0p5,tl-ocs,cross-community-distractor-replay,1401,134,2,0,3,0,ocs,630000,630000,0.01938,0.022086012,0.002706012,true
phase15h-r4-cross-community-distractor-replay-tl-ocs-seed1401-load0p5,tl-ocs,cross-community-distractor-replay,1401,135,6,0,7,0,ocs,630000,630000,0.0194,0.023384224,0.003984224,true
phase15h-r4-cross-community-distractor-replay-tl-ocs-seed1401-load0p5,tl-ocs,cross-community-distractor-replay,1401,136,3,0,4,0,eps,792000,792000,0.01942,0.035782892,0.016362892,true
phase15h-r4-cross-community-distractor-replay-tl-ocs-seed1401-load0p5,tl-ocs,cross-community-distractor-replay,1401,137,0,0,4,0,eps,348000,348000,0.01944,0.02574144,0.00630144,true
phase15h-r4-cross-community-distractor-replay-tl-ocs-seed1401-load0p5,tl-ocs,cross-community-distractor-replay,1401,138,1,0,5,0,eps,312000,312000,0.01946,0.025668124,0.006208124,true
phase15h-r4-cross-community-distractor-replay-tl-ocs-seed1401-load0p5,tl-ocs,cross-community-distractor-replay,1401,139,2,0,6,0,eps,300000,300000,0.01948,0.024788026,0.005308026,true
phase15h-r4-cross-community-distractor-replay-tl-ocs-seed1401-load0p5,tl-ocs,cross-community-distractor-replay,1401,140,0,0,1,0,ocs,3480000,3480000,0.0201,0.028411543,0.008311543,true
phase15h-r4-cross-community-distractor-replay-tl-ocs-seed1401-load0p5,tl-ocs,cross-community-distractor-replay,1401,141,1,0,2,0,eps,3480000,1095048,0.02012,,,false
phase15h-r4-cross-community-distractor-replay-tl-ocs-seed1401-load0p5,tl-ocs,cross-community-distractor-replay,1401,142,4,0,5,0,ocs,2520000,2520000,0.02014,0.027399207,0.007259207,true
phase15h-r4-cross-community-distractor-replay-tl-ocs-seed1401-load0p5,tl-ocs,cross-community-distractor-replay,1401,143,5,0,6,0,eps,1386000,1319632,0.02016,,,false
phase15h-r4-cross-community-distractor-replay-tl-ocs-seed1401-load0p5,tl-ocs,cross-community-distractor-replay,1401,144,2,0,3,0,ocs,2520000,2520000,0.02018,0.025024229,0.004844229,true
phase15h-r4-cross-community-distractor-replay-tl-ocs-seed1401-load0p5,tl-ocs,cross-community-distractor-replay,1401,145,6,0,7,0,ocs,4320000,4320000,0.0202,0.029198127,0.008998127,true
phase15h-r4-cross-community-distractor-replay-tl-ocs-seed1401-load0p5,tl-ocs,cross-community-distractor-replay,1401,146,3,0,4,0,eps,1425600,1209752,0.02022,,,false
phase15h-r4-cross-community-distractor-replay-tl-ocs-seed1401-load0p5,tl-ocs,cross-community-distractor-replay,1401,147,0,0,4,0,eps,1392000,1208680,0.02024,,,false
phase15h-r4-cross-community-distractor-replay-tl-ocs-seed1401-load0p5,tl-ocs,cross-community-distractor-replay,1401,148,1,0,5,0,eps,1248000,1028584,0.02026,,,false
phase15h-r4-cross-community-distractor-replay-tl-ocs-seed1401-load0p5,tl-ocs,cross-community-distractor-replay,1401,149,2,0,6,0,eps,1200000,1200000,0.02028,0.046566319,0.026286319,true
phase15h-r4-cross-community-distractor-replay-tl-ocs-seed1401-load0p5,tl-ocs,cross-community-distractor-replay,1401,150,0,0,1,0,ocs,3480000,3480000,0.0203,0.028625096,0.008325096,true
phase15h-r4-cross-community-distractor-replay-tl-ocs-seed1401-load0p5,tl-ocs,cross-community-distractor-replay,1401,151,1,0,2,0,eps,3480000,1085936,0.02032,,,false
phase15h-r4-cross-community-distractor-replay-tl-ocs-seed1401-load0p5,tl-ocs,cross-community-distractor-replay,1401,152,4,0,5,0,ocs,2520000,2520000,0.02034,0.027826387,0.007486387,true
phase15h-r4-cross-community-distractor-replay-tl-ocs-seed1401-load0p5,tl-ocs,cross-community-distractor-replay,1401,153,5,0,6,0,eps,1386000,1305160,0.02036,,,false
phase15h-r4-cross-community-distractor-replay-tl-ocs-seed1401-load0p5,tl-ocs,cross-community-distractor-replay,1401,154,2,0,3,0,ocs,2520000,2520000,0.02038,0.025403441,0.005023441,true
phase15h-r4-cross-community-distractor-replay-tl-ocs-seed1401-load0p5,tl-ocs,cross-community-distractor-replay,1401,155,6,0,7,0,ocs,4320000,4320000,0.0204,0.029295112,0.008895112,true
phase15h-r4-cross-community-distractor-replay-tl-ocs-seed1401-load0p5,tl-ocs,cross-community-distractor-replay,1401,156,3,0,4,0,eps,1425600,1199032,0.02042,,,false
phase15h-r4-cross-community-distractor-replay-tl-ocs-seed1401-load0p5,tl-ocs,cross-community-distractor-replay,1401,157,0,0,4,0,eps,1392000,1199032,0.02044,,,false
phase15h-r4-cross-community-distractor-replay-tl-ocs-seed1401-load0p5,tl-ocs,cross-community-distractor-replay,1401,158,1,0,5,0,eps,1248000,1077896,0.02046,,,false
phase15h-r4-cross-community-distractor-replay-tl-ocs-seed1401-load0p5,tl-ocs,cross-community-distractor-replay,1401,159,2,0,6,0,eps,1200000,1200000,0.02048,0.046976605,0.026496605,true
phase15h-r4-cross-community-distractor-replay-tl-ocs-seed1401-load0p5,tl-ocs,cross-community-distractor-replay,1401,160,0,0,1,0,ocs,630000,630000,0.0241,0.028003423,0.003903423,true
phase15h-r4-cross-community-distractor-replay-tl-ocs-seed1401-load0p5,tl-ocs,cross-community-distractor-replay,1401,161,1,0,2,0,eps,630000,630000,0.02412,0.040923659,0.016803659,true
phase15h-r4-cross-community-distractor-replay-tl-ocs-seed1401-load0p5,tl-ocs,cross-community-distractor-replay,1401,162,4,0,5,0,ocs,630000,630000,0.02414,0.028222992,0.004082992,true
phase15h-r4-cross-community-distractor-replay-tl-ocs-seed1401-load0p5,tl-ocs,cross-community-distractor-replay,1401,163,5,0,6,0,eps,630000,630000,0.02416,0.037561948,0.013401948,true
phase15h-r4-cross-community-distractor-replay-tl-ocs-seed1401-load0p5,tl-ocs,cross-community-distractor-replay,1401,164,2,0,3,0,ocs,630000,630000,0.02418,0.02706333,0.00288333,true
phase15h-r4-cross-community-distractor-replay-tl-ocs-seed1401-load0p5,tl-ocs,cross-community-distractor-replay,1401,165,6,0,7,0,ocs,630000,630000,0.0242,0.028236963,0.004036963,true
phase15h-r4-cross-community-distractor-replay-tl-ocs-seed1401-load0p5,tl-ocs,cross-community-distractor-replay,1401,166,3,0,4,0,eps,792000,187064,0.02422,,,false
phase15h-r4-cross-community-distractor-replay-tl-ocs-seed1401-load0p5,tl-ocs,cross-community-distractor-replay,1401,167,0,0,4,0,eps,348000,348000,0.02424,0.032011119,0.007771119,true
phase15h-r4-cross-community-distractor-replay-tl-ocs-seed1401-load0p5,tl-ocs,cross-community-distractor-replay,1401,168,1,0,5,0,eps,312000,312000,0.02426,0.03185894,0.00759894,true
phase15h-r4-cross-community-distractor-replay-tl-ocs-seed1401-load0p5,tl-ocs,cross-community-distractor-replay,1401,169,2,0,6,0,eps,300000,300000,0.02428,0.03029286,0.00601286,true
phase15h-r4-cross-community-distractor-replay-tl-ocs-seed1401-load0p5,tl-ocs,cross-community-distractor-replay,1401,170,0,0,1,0,ocs,630000,630000,0.0243,0.028220869,0.003920869,true
phase15h-r4-cross-community-distractor-replay-tl-ocs-seed1401-load0p5,tl-ocs,cross-community-distractor-replay,1401,171,1,0,2,0,eps,630000,630000,0.02432,0.041133246,0.016813246,true
phase15h-r4-cross-community-distractor-replay-tl-ocs-seed1401-load0p5,tl-ocs,cross-community-distractor-replay,1401,172,4,0,5,0,ocs,630000,630000,0.02434,0.028468055,0.004128055,true
phase15h-r4-cross-community-distractor-replay-tl-ocs-seed1401-load0p5,tl-ocs,cross-community-distractor-replay,1401,173,5,0,6,0,eps,630000,630000,0.02436,0.037878251,0.013518251,true
phase15h-r4-cross-community-distractor-replay-tl-ocs-seed1401-load0p5,tl-ocs,cross-community-distractor-replay,1401,174,2,0,3,0,ocs,630000,630000,0.02438,0.02707757,0.00269757,true
phase15h-r4-cross-community-distractor-replay-tl-ocs-seed1401-load0p5,tl-ocs,cross-community-distractor-replay,1401,175,6,0,7,0,ocs,630000,630000,0.0244,0.028337749,0.003937749,true
phase15h-r4-cross-community-distractor-replay-tl-ocs-seed1401-load0p5,tl-ocs,cross-community-distractor-replay,1401,176,3,0,4,0,eps,792000,792000,0.02442,0.044285877,0.019865877,true
phase15h-r4-cross-community-distractor-replay-tl-ocs-seed1401-load0p5,tl-ocs,cross-community-distractor-replay,1401,177,0,0,4,0,eps,348000,348000,0.02444,0.032295383,0.007855383,true
phase15h-r4-cross-community-distractor-replay-tl-ocs-seed1401-load0p5,tl-ocs,cross-community-distractor-replay,1401,178,1,0,5,0,eps,312000,312000,0.02446,0.032118628,0.007658628,true
phase15h-r4-cross-community-distractor-replay-tl-ocs-seed1401-load0p5,tl-ocs,cross-community-distractor-replay,1401,179,2,0,6,0,eps,300000,300000,0.02448,0.030487737,0.006007737,true
phase15h-r4-cross-community-distractor-replay-tl-ocs-seed1401-load0p5,tl-ocs,cross-community-distractor-replay,1401,180,0,0,1,0,ocs,3480000,3480000,0.0251,0.033424844,0.008324844,true
phase15h-r4-cross-community-distractor-replay-tl-ocs-seed1401-load0p5,tl-ocs,cross-community-distractor-replay,1401,181,1,0,2,0,eps,3480000,836160,0.02512,,,false
phase15h-r4-cross-community-distractor-replay-tl-ocs-seed1401-load0p5,tl-ocs,cross-community-distractor-replay,1401,182,4,0,5,0,ocs,2520000,2520000,0.02514,0.032583223,0.007443223,true
phase15h-r4-cross-community-distractor-replay-tl-ocs-seed1401-load0p5,tl-ocs,cross-community-distractor-replay,1401,183,5,0,6,0,eps,1386000,1020008,0.02516,,,false
phase15h-r4-cross-community-distractor-replay-tl-ocs-seed1401-load0p5,tl-ocs,cross-community-distractor-replay,1401,184,2,0,3,0,ocs,2520000,2520000,0.02518,0.030023959,0.004843959,true
phase15h-r4-cross-community-distractor-replay-tl-ocs-seed1401-load0p5,tl-ocs,cross-community-distractor-replay,1401,185,6,0,7,0,ocs,4320000,4320000,0.0252,0.034171276,0.008971276,true
phase15h-r4-cross-community-distractor-replay-tl-ocs-seed1401-load0p5,tl-ocs,cross-community-distractor-replay,1401,186,3,0,4,0,eps,1425600,924064,0.02522,,,false
phase15h-r4-cross-community-distractor-replay-tl-ocs-seed1401-load0p5,tl-ocs,cross-community-distractor-replay,1401,187,0,0,4,0,eps,1392000,922992,0.02524,,,false
phase15h-r4-cross-community-distractor-replay-tl-ocs-seed1401-load0p5,tl-ocs,cross-community-distractor-replay,1401,188,1,0,5,0,eps,1248000,830800,0.02526,,,false
phase15h-r4-cross-community-distractor-replay-tl-ocs-seed1401-load0p5,tl-ocs,cross-community-distractor-replay,1401,189,2,0,6,0,eps,1200000,1011968,0.02528,,,false
phase15h-r4-cross-community-distractor-replay-tl-ocs-seed1401-load0p5,tl-ocs,cross-community-distractor-replay,1401,190,0,0,1,0,ocs,3480000,3480000,0.0253,0.033838328,0.008538328,true
phase15h-r4-cross-community-distractor-replay-tl-ocs-seed1401-load0p5,tl-ocs,cross-community-distractor-replay,1401,191,1,0,2,0,eps,3480000,823296,0.02532,,,false
phase15h-r4-cross-community-distractor-replay-tl-ocs-seed1401-load0p5,tl-ocs,cross-community-distractor-replay,1401,192,4,0,5,0,ocs,2520000,2520000,0.02534,0.032710646,0.007370646,true
phase15h-r4-cross-community-distractor-replay-tl-ocs-seed1401-load0p5,tl-ocs,cross-community-distractor-replay,1401,193,5,0,6,0,eps,1386000,1006072,0.02536,,,false
phase15h-r4-cross-community-distractor-replay-tl-ocs-seed1401-load0p5,tl-ocs,cross-community-distractor-replay,1401,194,2,0,3,0,ocs,2520000,2520000,0.02538,0.030410497,0.005030497,true
phase15h-r4-cross-community-distractor-replay-tl-ocs-seed1401-load0p5,tl-ocs,cross-community-distractor-replay,1401,195,6,0,7,0,ocs,4320000,4320000,0.0254,0.034297271,0.008897271,true
phase15h-r4-cross-community-distractor-replay-tl-ocs-seed1401-load0p5,tl-ocs,cross-community-distractor-replay,1401,196,3,0,4,0,eps,1425600,867784,0.02542,,,false
phase15h-r4-cross-community-distractor-replay-tl-ocs-seed1401-load0p5,tl-ocs,cross-community-distractor-replay,1401,197,0,0,4,0,eps,1392000,913344,0.02544,,,false
phase15h-r4-cross-community-distractor-replay-tl-ocs-seed1401-load0p5,tl-ocs,cross-community-distractor-replay,1401,198,1,0,5,0,eps,1248000,819008,0.02546,,,false
phase15h-r4-cross-community-distractor-replay-tl-ocs-seed1401-load0p5,tl-ocs,cross-community-distractor-replay,1401,199,2,0,6,0,eps,1200000,1002856,0.02548,,,false
phase15h-r4-cross-community-distractor-replay-tl-ocs-seed1401-load0p5,tl-ocs,cross-community-distractor-replay,1401,200,0,0,1,0,ocs,630000,630000,0.0291,0.033003683,0.003903683,true
phase15h-r4-cross-community-distractor-replay-tl-ocs-seed1401-load0p5,tl-ocs,cross-community-distractor-replay,1401,201,1,0,2,0,eps,630000,630000,0.02912,0.048920832,0.019800832,true
phase15h-r4-cross-community-distractor-replay-tl-ocs-seed1401-load0p5,tl-ocs,cross-community-distractor-replay,1401,202,4,0,5,0,ocs,630000,630000,0.02914,0.033029635,0.003889635,true
phase15h-r4-cross-community-distractor-replay-tl-ocs-seed1401-load0p5,tl-ocs,cross-community-distractor-replay,1401,203,5,0,6,0,eps,630000,630000,0.02916,0.044544467,0.015384467,true
phase15h-r4-cross-community-distractor-replay-tl-ocs-seed1401-load0p5,tl-ocs,cross-community-distractor-replay,1401,204,2,0,3,0,ocs,630000,630000,0.02918,0.031889417,0.002709417,true
phase15h-r4-cross-community-distractor-replay-tl-ocs-seed1401-load0p5,tl-ocs,cross-community-distractor-replay,1401,205,6,0,7,0,ocs,630000,630000,0.0292,0.033138832,0.003938832,true
phase15h-r4-cross-community-distractor-replay-tl-ocs-seed1401-load0p5,tl-ocs,cross-community-distractor-replay,1401,206,3,0,4,0,eps,792000,726280,0.02922,,,false
phase15h-r4-cross-community-distractor-replay-tl-ocs-seed1401-load0p5,tl-ocs,cross-community-distractor-replay,1401,207,0,0,4,0,eps,348000,348000,0.02924,0.038578816,0.009338816,true
phase15h-r4-cross-community-distractor-replay-tl-ocs-seed1401-load0p5,tl-ocs,cross-community-distractor-replay,1401,208,1,0,5,0,eps,312000,312000,0.02926,0.038206247,0.008946247,true
phase15h-r4-cross-community-distractor-replay-tl-ocs-seed1401-load0p5,tl-ocs,cross-community-distractor-replay,1401,209,2,0,6,0,eps,300000,300000,0.02928,0.0361466,0.0068666,true
phase15h-r4-cross-community-distractor-replay-tl-ocs-seed1401-load0p5,tl-ocs,cross-community-distractor-replay,1401,210,0,0,1,0,ocs,630000,630000,0.0293,0.033227925,0.003927925,true
phase15h-r4-cross-community-distractor-replay-tl-ocs-seed1401-load0p5,tl-ocs,cross-community-distractor-replay,1401,211,1,0,2,0,eps,630000,630000,0.02932,0.049271024,0.019951024,true
phase15h-r4-cross-community-distractor-replay-tl-ocs-seed1401-load0p5,tl-ocs,cross-community-distractor-replay,1401,212,4,0,5,0,ocs,630000,630000,0.02934,0.033226276,0.003886276,true
phase15h-r4-cross-community-distractor-replay-tl-ocs-seed1401-load0p5,tl-ocs,cross-community-distractor-replay,1401,213,5,0,6,0,eps,630000,630000,0.02936,0.044819969,0.015459969,true
phase15h-r4-cross-community-distractor-replay-tl-ocs-seed1401-load0p5,tl-ocs,cross-community-distractor-replay,1401,214,2,0,3,0,ocs,630000,630000,0.02938,0.032077464,0.002697464,true
phase15h-r4-cross-community-distractor-replay-tl-ocs-seed1401-load0p5,tl-ocs,cross-community-distractor-replay,1401,215,6,0,7,0,ocs,630000,630000,0.0294,0.033217839,0.003817839,true
phase15h-r4-cross-community-distractor-replay-tl-ocs-seed1401-load0p5,tl-ocs,cross-community-distractor-replay,1401,216,3,0,4,0,eps,792000,719312,0.02942,,,false
phase15h-r4-cross-community-distractor-replay-tl-ocs-seed1401-load0p5,tl-ocs,cross-community-distractor-replay,1401,217,0,0,4,0,eps,348000,348000,0.02944,0.038507391,0.009067391,true
phase15h-r4-cross-community-distractor-replay-tl-ocs-seed1401-load0p5,tl-ocs,cross-community-distractor-replay,1401,218,1,0,5,0,eps,312000,312000,0.02946,0.038437304,0.008977304,true
phase15h-r4-cross-community-distractor-replay-tl-ocs-seed1401-load0p5,tl-ocs,cross-community-distractor-replay,1401,219,2,0,6,0,eps,300000,300000,0.02948,0.036384138,0.006904138,true
phase15h-r4-cross-community-distractor-replay-tl-ocs-seed1401-load0p5,tl-ocs,cross-community-distractor-replay,1401,220,0,0,1,0,ocs,3480000,3480000,0.0301,0.038764589,0.008664589,true
phase15h-r4-cross-community-distractor-replay-tl-ocs-seed1401-load0p5,tl-ocs,cross-community-distractor-replay,1401,221,1,0,2,0,eps,3480000,618008,0.03012,,,false
phase15h-r4-cross-community-distractor-replay-tl-ocs-seed1401-load0p5,tl-ocs,cross-community-distractor-replay,1401,222,4,0,5,0,ocs,2520000,2520000,0.03014,0.043317313,0.013177313,true
phase15h-r4-cross-community-distractor-replay-tl-ocs-seed1401-load0p5,tl-ocs,cross-community-distractor-replay,1401,223,5,0,6,0,eps,1386000,760048,0.03016,,,false
phase15h-r4-cross-community-distractor-replay-tl-ocs-seed1401-load0p5,tl-ocs,cross-community-distractor-replay,1401,224,2,0,3,0,ocs,2520000,2520000,0.03018,0.035017404,0.004837404,true
phase15h-r4-cross-community-distractor-replay-tl-ocs-seed1401-load0p5,tl-ocs,cross-community-distractor-replay,1401,225,6,0,7,0,ocs,4320000,4320000,0.0302,0.039067747,0.008867747,true
phase15h-r4-cross-community-distractor-replay-tl-ocs-seed1401-load0p5,tl-ocs,cross-community-distractor-replay,1401,226,3,0,4,0,eps,1425600,682328,0.03022,,,false
phase15h-r4-cross-community-distractor-replay-tl-ocs-seed1401-load0p5,tl-ocs,cross-community-distractor-replay,1401,227,0,0,4,0,eps,1392000,683936,0.03024,,,false
phase15h-r4-cross-community-distractor-replay-tl-ocs-seed1401-load0p5,tl-ocs,cross-community-distractor-replay,1401,228,1,0,5,0,eps,1248000,614256,0.03026,,,false
phase15h-r4-cross-community-distractor-replay-tl-ocs-seed1401-load0p5,tl-ocs,cross-community-distractor-replay,1401,229,2,0,6,0,eps,1200000,754152,0.03028,,,false
phase15h-r4-cross-community-distractor-replay-tl-ocs-seed1401-load0p5,tl-ocs,cross-community-distractor-replay,1401,230,0,0,1,0,ocs,3480000,3480000,0.0303,0.039159529,0.008859529,true
phase15h-r4-cross-community-distractor-replay-tl-ocs-seed1401-load0p5,tl-ocs,cross-community-distractor-replay,1401,231,1,0,2,0,eps,3480000,611576,0.03032,,,false
phase15h-r4-cross-community-distractor-replay-tl-ocs-seed1401-load0p5,tl-ocs,cross-community-distractor-replay,1401,232,4,0,5,0,ocs,2520000,2520000,0.03034,0.037463022,0.007123022,true
phase15h-r4-cross-community-distractor-replay-tl-ocs-seed1401-load0p5,tl-ocs,cross-community-distractor-replay,1401,233,5,0,6,0,eps,1386000,749864,0.03036,,,false
phase15h-r4-cross-community-distractor-replay-tl-ocs-seed1401-load0p5,tl-ocs,cross-community-distractor-replay,1401,234,2,0,3,0,ocs,2520000,2520000,0.03038,0.035221575,0.004841575,true
phase15h-r4-cross-community-distractor-replay-tl-ocs-seed1401-load0p5,tl-ocs,cross-community-distractor-replay,1401,235,6,0,7,0,ocs,4320000,4320000,0.0304,0.039277212,0.008877212,true
phase15h-r4-cross-community-distractor-replay-tl-ocs-seed1401-load0p5,tl-ocs,cross-community-distractor-replay,1401,236,3,0,4,0,eps,1425600,675360,0.03042,,,false
phase15h-r4-cross-community-distractor-replay-tl-ocs-seed1401-load0p5,tl-ocs,cross-community-distractor-replay,1401,237,0,0,4,0,eps,1392000,675360,0.03044,,,false
phase15h-r4-cross-community-distractor-replay-tl-ocs-seed1401-load0p5,tl-ocs,cross-community-distractor-replay,1401,238,1,0,5,0,eps,1248000,604608,0.03046,,,false
phase15h-r4-cross-community-distractor-replay-tl-ocs-seed1401-load0p5,tl-ocs,cross-community-distractor-replay,1401,239,2,0,6,0,eps,1200000,744504,0.03048,,,false
phase15h-r4-cross-community-distractor-replay-tl-ocs-seed1401-load0p5,tl-ocs,cross-community-distractor-replay,1401,240,0,0,1,0,ocs,630000,630000,0.0341,0.038348666,0.004248666,true
phase15h-r4-cross-community-distractor-replay-tl-ocs-seed1401-load0p5,tl-ocs,cross-community-distractor-replay,1401,241,1,0,2,0,eps,630000,466320,0.03412,,,false
phase15h-r4-cross-community-distractor-replay-tl-ocs-seed1401-load0p5,tl-ocs,cross-community-distractor-replay,1401,242,4,0,5,0,ocs,630000,630000,0.03414,0.038142475,0.004002475,true
phase15h-r4-cross-community-distractor-replay-tl-ocs-seed1401-load0p5,tl-ocs,cross-community-distractor-replay,1401,243,5,0,6,0,eps,630000,572984,0.03416,,,false
phase15h-r4-cross-community-distractor-replay-tl-ocs-seed1401-load0p5,tl-ocs,cross-community-distractor-replay,1401,244,2,0,3,0,ocs,630000,630000,0.03418,0.036879707,0.002699707,true
phase15h-r4-cross-community-distractor-replay-tl-ocs-seed1401-load0p5,tl-ocs,cross-community-distractor-replay,1401,245,6,0,7,0,ocs,630000,630000,0.0342,0.037994174,0.003794174,true
phase15h-r4-cross-community-distractor-replay-tl-ocs-seed1401-load0p5,tl-ocs,cross-community-distractor-replay,1401,246,3,0,4,0,eps,792000,519920,0.03422,,,false
phase15h-r4-cross-community-distractor-replay-tl-ocs-seed1401-load0p5,tl-ocs,cross-community-distractor-replay,1401,247,0,0,4,0,eps,348000,348000,0.03424,0.044379653,0.010139653,true
phase15h-r4-cross-community-distractor-replay-tl-ocs-seed1401-load0p5,tl-ocs,cross-community-distractor-replay,1401,248,1,0,5,0,eps,312000,312000,0.03426,0.044506166,0.010246166,true
phase15h-r4-cross-community-distractor-replay-tl-ocs-seed1401-load0p5,tl-ocs,cross-community-distractor-replay,1401,249,2,0,6,0,eps,300000,300000,0.03428,0.042154038,0.007874038,true
phase15h-r4-cross-community-distractor-replay-tl-ocs-seed1401-load0p5,tl-ocs,cross-community-distractor-replay,1401,250,0,0,1,0,ocs,630000,630000,0.0343,0.03813828,0.00383828,true
phase15h-r4-cross-community-distractor-replay-tl-ocs-seed1401-load0p5,tl-ocs,cross-community-distractor-replay,1401,251,1,0,2,0,eps,630000,459352,0.03432,,,false
phase15h-r4-cross-community-distractor-replay-tl-ocs-seed1401-load0p5,tl-ocs,cross-community-distractor-replay,1401,252,4,0,5,0,ocs,630000,630000,0.03434,0.038325652,0.003985652,true
phase15h-r4-cross-community-distractor-replay-tl-ocs-seed1401-load0p5,tl-ocs,cross-community-distractor-replay,1401,253,5,0,6,0,eps,630000,564944,0.03436,,,false
phase15h-r4-cross-community-distractor-replay-tl-ocs-seed1401-load0p5,tl-ocs,cross-community-distractor-replay,1401,254,2,0,3,0,ocs,630000,630000,0.03438,0.03707737,0.00269737,true
phase15h-r4-cross-community-distractor-replay-tl-ocs-seed1401-load0p5,tl-ocs,cross-community-distractor-replay,1401,255,6,0,7,0,ocs,630000,630000,0.0344,0.038230194,0.003830194,true
phase15h-r4-cross-community-distractor-replay-tl-ocs-seed1401-load0p5,tl-ocs,cross-community-distractor-replay,1401,256,3,0,4,0,eps,792000,511344,0.03442,,,false
phase15h-r4-cross-community-distractor-replay-tl-ocs-seed1401-load0p5,tl-ocs,cross-community-distractor-replay,1401,257,0,0,4,0,eps,348000,348000,0.03444,0.044619349,0.010179349,true
phase15h-r4-cross-community-distractor-replay-tl-ocs-seed1401-load0p5,tl-ocs,cross-community-distractor-replay,1401,258,1,0,5,0,eps,312000,312000,0.03446,0.044707734,0.010247734,true
phase15h-r4-cross-community-distractor-replay-tl-ocs-seed1401-load0p5,tl-ocs,cross-community-distractor-replay,1401,259,2,0,6,0,eps,300000,300000,0.03448,0.042390901,0.007910901,true
phase15h-r4-cross-community-distractor-replay-tl-ocs-seed1401-load0p5,tl-ocs,cross-community-distractor-replay,1401,260,0,0,1,0,ocs,3480000,3480000,0.0351,0.044007711,0.008907711,true
phase15h-r4-cross-community-distractor-replay-tl-ocs-seed1401-load0p5,tl-ocs,cross-community-distractor-replay,1401,261,1,0,2,0,eps,3480000,432016,0.03512,,,false
phase15h-r4-cross-community-distractor-replay-tl-ocs-seed1401-load0p5,tl-ocs,cross-community-distractor-replay,1401,262,4,0,5,0,ocs,2520000,2520000,0.03514,0.042517587,0.007377587,true
phase15h-r4-cross-community-distractor-replay-tl-ocs-seed1401-load0p5,tl-ocs,cross-community-distractor-replay,1401,263,5,0,6,0,eps,1386000,530640,0.03516,,,false
phase15h-r4-cross-community-distractor-replay-tl-ocs-seed1401-load0p5,tl-ocs,cross-community-distractor-replay,1401,264,2,0,3,0,ocs,2520000,2520000,0.03518,0.040027019,0.004847019,true
phase15h-r4-cross-community-distractor-replay-tl-ocs-seed1401-load0p5,tl-ocs,cross-community-distractor-replay,1401,265,6,0,7,0,ocs,4320000,4320000,0.0352,0.044387941,0.009187941,true
phase15h-r4-cross-community-distractor-replay-tl-ocs-seed1401-load0p5,tl-ocs,cross-community-distractor-replay,1401,266,3,0,4,0,eps,1425600,480256,0.03522,,,false
phase15h-r4-cross-community-distractor-replay-tl-ocs-seed1401-load0p5,tl-ocs,cross-community-distractor-replay,1401,267,0,0,4,0,eps,1392000,478648,0.03524,,,false
phase15h-r4-cross-community-distractor-replay-tl-ocs-seed1401-load0p5,tl-ocs,cross-community-distractor-replay,1401,268,1,0,5,0,eps,1248000,57352,0.03526,,,false
phase15h-r4-cross-community-distractor-replay-tl-ocs-seed1401-load0p5,tl-ocs,cross-community-distractor-replay,1401,269,2,0,6,0,eps,1200000,523672,0.03528,,,false
phase15h-r4-cross-community-distractor-replay-tl-ocs-seed1401-load0p5,tl-ocs,cross-community-distractor-replay,1401,270,0,0,1,0,ocs,3480000,3480000,0.0353,0.044198129,0.008898129,true
phase15h-r4-cross-community-distractor-replay-tl-ocs-seed1401-load0p5,tl-ocs,cross-community-distractor-replay,1401,271,1,0,2,0,eps,3480000,423976,0.03532,,,false
phase15h-r4-cross-community-distractor-replay-tl-ocs-seed1401-load0p5,tl-ocs,cross-community-distractor-replay,1401,272,4,0,5,0,ocs,2520000,2520000,0.03534,0.043083813,0.007743813,true
phase15h-r4-cross-community-distractor-replay-tl-ocs-seed1401-load0p5,tl-ocs,cross-community-distractor-replay,1401,273,5,0,6,0,eps,1386000,522600,0.03536,,,false
phase15h-r4-cross-community-distractor-replay-tl-ocs-seed1401-load0p5,tl-ocs,cross-community-distractor-replay,1401,274,2,0,3,0,ocs,2520000,2520000,0.03538,0.040230716,0.004850716,true
phase15h-r4-cross-community-distractor-replay-tl-ocs-seed1401-load0p5,tl-ocs,cross-community-distractor-replay,1401,275,6,0,7,0,ocs,4320000,4320000,0.0354,0.044582667,0.009182667,true
phase15h-r4-cross-community-distractor-replay-tl-ocs-seed1401-load0p5,tl-ocs,cross-community-distractor-replay,1401,276,3,0,4,0,eps,1425600,473288,0.03542,,,false
phase15h-r4-cross-community-distractor-replay-tl-ocs-seed1401-load0p5,tl-ocs,cross-community-distractor-replay,1401,277,0,0,4,0,eps,1392000,473288,0.03544,,,false
phase15h-r4-cross-community-distractor-replay-tl-ocs-seed1401-load0p5,tl-ocs,cross-community-distractor-replay,1401,278,1,0,5,0,eps,1248000,418616,0.03546,,,false
phase15h-r4-cross-community-distractor-replay-tl-ocs-seed1401-load0p5,tl-ocs,cross-community-distractor-replay,1401,279,2,0,6,0,eps,1200000,519920,0.03548,,,false
phase15h-r4-cross-community-distractor-replay-tl-ocs-seed1401-load0p5,tl-ocs,cross-community-distractor-replay,1401,280,0,0,1,0,ocs,630000,630000,0.0391,0.04329899,0.00419899,true
phase15h-r4-cross-community-distractor-replay-tl-ocs-seed1401-load0p5,tl-ocs,cross-community-distractor-replay,1401,281,1,0,2,0,eps,630000,301232,0.03912,,,false
phase15h-r4-cross-community-distractor-replay-tl-ocs-seed1401-load0p5,tl-ocs,cross-community-distractor-replay,1401,282,4,0,5,0,ocs,630000,630000,0.03914,0.042952435,0.003812435,true
phase15h-r4-cross-community-distractor-replay-tl-ocs-seed1401-load0p5,tl-ocs,cross-community-distractor-replay,1401,283,5,0,6,0,eps,630000,369304,0.03916,,,false
phase15h-r4-cross-community-distractor-replay-tl-ocs-seed1401-load0p5,tl-ocs,cross-community-distractor-replay,1401,284,2,0,3,0,ocs,630000,630000,0.03918,0.041886873,0.002706873,true
phase15h-r4-cross-community-distractor-replay-tl-ocs-seed1401-load0p5,tl-ocs,cross-community-distractor-replay,1401,285,6,0,7,0,ocs,630000,630000,0.0392,0.043090475,0.003890475,true
phase15h-r4-cross-community-distractor-replay-tl-ocs-seed1401-load0p5,tl-ocs,cross-community-distractor-replay,1401,286,3,0,4,0,eps,792000,328568,0.03922,,,false
phase15h-r4-cross-community-distractor-replay-tl-ocs-seed1401-load0p5,tl-ocs,cross-community-distractor-replay,1401,287,0,0,4,0,eps,348000,326960,0.03924,,,false
phase15h-r4-cross-community-distractor-replay-tl-ocs-seed1401-load0p5,tl-ocs,cross-community-distractor-replay,1401,288,1,0,5,0,eps,312000,296944,0.03926,,,false
phase15h-r4-cross-community-distractor-replay-tl-ocs-seed1401-load0p5,tl-ocs,cross-community-distractor-replay,1401,289,2,0,6,0,eps,300000,300000,0.03928,0.048113741,0.008833741,true
phase15h-r4-cross-community-distractor-replay-tl-ocs-seed1401-load0p5,tl-ocs,cross-community-distractor-replay,1401,290,0,0,1,0,ocs,630000,630000,0.0393,0.043185063,0.003885063,true
phase15h-r4-cross-community-distractor-replay-tl-ocs-seed1401-load0p5,tl-ocs,cross-community-distractor-replay,1401,291,1,0,2,0,eps,630000,294264,0.03932,,,false
phase15h-r4-cross-community-distractor-replay-tl-ocs-seed1401-load0p5,tl-ocs,cross-community-distractor-replay,1401,292,4,0,5,0,ocs,630000,630000,0.03934,0.043097567,0.003757567,true
phase15h-r4-cross-community-distractor-replay-tl-ocs-seed1401-load0p5,tl-ocs,cross-community-distractor-replay,1401,293,5,0,6,0,eps,630000,361264,0.03936,,,false
phase15h-r4-cross-community-distractor-replay-tl-ocs-seed1401-load0p5,tl-ocs,cross-community-distractor-replay,1401,294,2,0,3,0,ocs,630000,630000,0.03938,0.042078722,0.002698722,true
phase15h-r4-cross-community-distractor-replay-tl-ocs-seed1401-load0p5,tl-ocs,cross-community-distractor-replay,1401,295,6,0,7,0,ocs,630000,630000,0.0394,0.043164857,0.003764857,true
phase15h-r4-cross-community-distractor-replay-tl-ocs-seed1401-load0p5,tl-ocs,cross-community-distractor-replay,1401,296,3,0,4,0,eps,792000,46096,0.03942,,,false
phase15h-r4-cross-community-distractor-replay-tl-ocs-seed1401-load0p5,tl-ocs,cross-community-distractor-replay,1401,297,0,0,4,0,eps,348000,321600,0.03944,,,false
phase15h-r4-cross-community-distractor-replay-tl-ocs-seed1401-load0p5,tl-ocs,cross-community-distractor-replay,1401,298,1,0,5,0,eps,312000,289976,0.03946,,,false
phase15h-r4-cross-community-distractor-replay-tl-ocs-seed1401-load0p5,tl-ocs,cross-community-distractor-replay,1401,299,2,0,6,0,eps,300000,300000,0.03948,0.048352658,0.008872658,true
phase15h-r4-cross-community-distractor-replay-tl-ocs-seed1401-load0p5,tl-ocs,cross-community-distractor-replay,1401,300,0,0,1,0,ocs,3480000,3480000,0.0401,0.049223712,0.009123712,true
phase15h-r4-cross-community-distractor-replay-tl-ocs-seed1401-load0p5,tl-ocs,cross-community-distractor-replay,1401,301,1,0,2,0,eps,3480000,269608,0.04012,,,false
phase15h-r4-cross-community-distractor-replay-tl-ocs-seed1401-load0p5,tl-ocs,cross-community-distractor-replay,1401,302,4,0,5,0,ocs,2520000,2520000,0.04014,0.047464326,0.007324326,true
phase15h-r4-cross-community-distractor-replay-tl-ocs-seed1401-load0p5,tl-ocs,cross-community-distractor-replay,1401,303,5,0,6,0,eps,1386000,329640,0.04016,,,false
phase15h-r4-cross-community-distractor-replay-tl-ocs-seed1401-load0p5,tl-ocs,cross-community-distractor-replay,1401,304,2,0,3,0,ocs,2520000,2520000,0.04018,0.045020329,0.004840329,true
phase15h-r4-cross-community-distractor-replay-tl-ocs-seed1401-load0p5,tl-ocs,cross-community-distractor-replay,1401,305,6,0,7,0,ocs,4320000,4320000,0.0402,0.049757764,0.009557764,true
phase15h-r4-cross-community-distractor-replay-tl-ocs-seed1401-load0p5,tl-ocs,cross-community-distractor-replay,1401,306,3,0,4,0,eps,1425600,294264,0.04022,,,false
phase15h-r4-cross-community-distractor-replay-tl-ocs-seed1401-load0p5,tl-ocs,cross-community-distractor-replay,1401,307,0,0,4,0,eps,1392000,292656,0.04024,,,false
phase15h-r4-cross-community-distractor-replay-tl-ocs-seed1401-load0p5,tl-ocs,cross-community-distractor-replay,1401,308,1,0,5,0,eps,1248000,264248,0.04026,,,false
phase15h-r4-cross-community-distractor-replay-tl-ocs-seed1401-load0p5,tl-ocs,cross-community-distractor-replay,1401,309,2,0,6,0,eps,1200000,324280,0.04028,,,false
phase15h-r4-cross-community-distractor-replay-tl-ocs-seed1401-load0p5,tl-ocs,cross-community-distractor-replay,1401,310,0,0,1,0,ocs,3480000,3480000,0.0403,0.049494701,0.009194701,true
phase15h-r4-cross-community-distractor-replay-tl-ocs-seed1401-load0p5,tl-ocs,cross-community-distractor-replay,1401,311,1,0,2,0,eps,3480000,262640,0.04032,,,false
phase15h-r4-cross-community-distractor-replay-tl-ocs-seed1401-load0p5,tl-ocs,cross-community-distractor-replay,1401,312,4,0,5,0,ocs,2520000,2520000,0.04034,0.047621625,0.007281625,true
phase15h-r4-cross-community-distractor-replay-tl-ocs-seed1401-load0p5,tl-ocs,cross-community-distractor-replay,1401,313,5,0,6,0,eps,1386000,322672,0.04036,,,false
phase15h-r4-cross-community-distractor-replay-tl-ocs-seed1401-load0p5,tl-ocs,cross-community-distractor-replay,1401,314,2,0,3,0,ocs,2520000,2520000,0.04038,0.045223452,0.004843452,true
phase15h-r4-cross-community-distractor-replay-tl-ocs-seed1401-load0p5,tl-ocs,cross-community-distractor-replay,1401,315,6,0,7,0,ocs,4320000,4320000,0.0404,0.049935937,0.009535937,true
phase15h-r4-cross-community-distractor-replay-tl-ocs-seed1401-load0p5,tl-ocs,cross-community-distractor-replay,1401,316,3,0,4,0,eps,1425600,287296,0.04042,,,false
phase15h-r4-cross-community-distractor-replay-tl-ocs-seed1401-load0p5,tl-ocs,cross-community-distractor-replay,1401,317,0,0,4,0,eps,1392000,284616,0.04044,,,false
phase15h-r4-cross-community-distractor-replay-tl-ocs-seed1401-load0p5,tl-ocs,cross-community-distractor-replay,1401,318,1,0,5,0,eps,1248000,259960,0.04046,,,false
phase15h-r4-cross-community-distractor-replay-tl-ocs-seed1401-load0p5,tl-ocs,cross-community-distractor-replay,1401,319,2,0,6,0,eps,1200000,317312,0.04048,,,false
phase15h-r4-cross-community-distractor-replay-tl-ocs-seed1401-load0p5,tl-ocs,cross-community-distractor-replay,1401,320,0,0,1,0,ocs,630000,630000,0.0441,0.047834576,0.003734576,true
phase15h-r4-cross-community-distractor-replay-tl-ocs-seed1401-load0p5,tl-ocs,cross-community-distractor-replay,1401,321,1,0,2,0,eps,630000,154904,0.04412,,,false
phase15h-r4-cross-community-distractor-replay-tl-ocs-seed1401-load0p5,tl-ocs,cross-community-distractor-replay,1401,322,4,0,5,0,ocs,630000,630000,0.04414,0.048006152,0.003866152,true
phase15h-r4-cross-community-distractor-replay-tl-ocs-seed1401-load0p5,tl-ocs,cross-community-distractor-replay,1401,323,5,0,6,0,eps,630000,185992,0.04416,,,false
phase15h-r4-cross-community-distractor-replay-tl-ocs-seed1401-load0p5,tl-ocs,cross-community-distractor-replay,1401,324,2,0,3,0,ocs,630000,630000,0.04418,0.046890015,0.002710015,true
phase15h-r4-cross-community-distractor-replay-tl-ocs-seed1401-load0p5,tl-ocs,cross-community-distractor-replay,1401,325,6,0,7,0,ocs,630000,630000,0.0442,0.048057844,0.003857844,true
phase15h-r4-cross-community-distractor-replay-tl-ocs-seed1401-load0p5,tl-ocs,cross-community-distractor-replay,1401,326,3,0,4,0,eps,792000,169912,0.04422,,,false
phase15h-r4-cross-community-distractor-replay-tl-ocs-seed1401-load0p5,tl-ocs,cross-community-distractor-replay,1401,327,0,0,4,0,eps,348000,168304,0.04424,,,false
phase15h-r4-cross-community-distractor-replay-tl-ocs-seed1401-load0p5,tl-ocs,cross-community-distractor-replay,1401,328,1,0,5,0,eps,312000,74504,0.04426,,,false
phase15h-r4-cross-community-distractor-replay-tl-ocs-seed1401-load0p5,tl-ocs,cross-community-distractor-replay,1401,329,2,0,6,0,eps,300000,180632,0.04428,,,false
phase15h-r4-cross-community-distractor-replay-tl-ocs-seed1401-load0p5,tl-ocs,cross-community-distractor-replay,1401,330,0,0,1,0,ocs,630000,630000,0.0443,0.048107448,0.003807448,true
phase15h-r4-cross-community-distractor-replay-tl-ocs-seed1401-load0p5,tl-ocs,cross-community-distractor-replay,1401,331,1,0,2,0,eps,630000,74504,0.04432,,,false
phase15h-r4-cross-community-distractor-replay-tl-ocs-seed1401-load0p5,tl-ocs,cross-community-distractor-replay,1401,332,4,0,5,0,ocs,630000,630000,0.04434,0.048406272,0.004066272,true
phase15h-r4-cross-community-distractor-replay-tl-ocs-seed1401-load0p5,tl-ocs,cross-community-distractor-replay,1401,333,5,0,6,0,eps,630000,179024,0.04436,,,false
phase15h-r4-cross-community-distractor-replay-tl-ocs-seed1401-load0p5,tl-ocs,cross-community-distractor-replay,1401,334,2,0,3,0,ocs,630000,630000,0.04438,0.047084484,0.002704484,true
phase15h-r4-cross-community-distractor-replay-tl-ocs-seed1401-load0p5,tl-ocs,cross-community-distractor-replay,1401,335,6,0,7,0,ocs,630000,630000,0.0444,0.04830365,0.00390365,true
phase15h-r4-cross-community-distractor-replay-tl-ocs-seed1401-load0p5,tl-ocs,cross-community-distractor-replay,1401,336,3,0,4,0,eps,792000,161336,0.04442,,,false
phase15h-r4-cross-community-distractor-replay-tl-ocs-seed1401-load0p5,tl-ocs,cross-community-distractor-replay,1401,337,0,0,4,0,eps,348000,161336,0.04444,,,false
phase15h-r4-cross-community-distractor-replay-tl-ocs-seed1401-load0p5,tl-ocs,cross-community-distractor-replay,1401,338,1,0,5,0,eps,312000,143648,0.04446,,,false
phase15h-r4-cross-community-distractor-replay-tl-ocs-seed1401-load0p5,tl-ocs,cross-community-distractor-replay,1401,339,2,0,6,0,eps,300000,175272,0.04448,,,false
phase15h-r4-cross-community-distractor-replay-tl-ocs-seed1401-load0p5,tl-ocs,cross-community-distractor-replay,1401,340,0,0,1,0,ocs,3480000,1142752,0.0451,,,false
phase15h-r4-cross-community-distractor-replay-tl-ocs-seed1401-load0p5,tl-ocs,cross-community-distractor-replay,1401,341,1,0,2,0,eps,3480000,123280,0.04512,,,false
phase15h-r4-cross-community-distractor-replay-tl-ocs-seed1401-load0p5,tl-ocs,cross-community-distractor-replay,1401,342,4,0,5,0,ocs,2520000,915488,0.04514,,,false
phase15h-r4-cross-community-distractor-replay-tl-ocs-seed1401-load0p5,tl-ocs,cross-community-distractor-replay,1401,343,5,0,6,0,eps,1386000,150616,0.04516,,,false
phase15h-r4-cross-community-distractor-replay-tl-ocs-seed1401-load0p5,tl-ocs,cross-community-distractor-replay,1401,344,2,0,3,0,ocs,2520000,2503656,0.04518,,,false
phase15h-r4-cross-community-distractor-replay-tl-ocs-seed1401-load0p5,tl-ocs,cross-community-distractor-replay,1401,345,6,0,7,0,ocs,4320000,979272,0.0452,,,false
phase15h-r4-cross-community-distractor-replay-tl-ocs-seed1401-load0p5,tl-ocs,cross-community-distractor-replay,1401,346,3,0,4,0,eps,1425600,136144,0.04522,,,false
phase15h-r4-cross-community-distractor-replay-tl-ocs-seed1401-load0p5,tl-ocs,cross-community-distractor-replay,1401,347,0,0,4,0,eps,1392000,135608,0.04524,,,false
phase15h-r4-cross-community-distractor-replay-tl-ocs-seed1401-load0p5,tl-ocs,cross-community-distractor-replay,1401,348,1,0,5,0,eps,1248000,120600,0.04526,,,false
phase15h-r4-cross-community-distractor-replay-tl-ocs-seed1401-load0p5,tl-ocs,cross-community-distractor-replay,1401,349,2,0,6,0,eps,1200000,145256,0.04528,,,false
phase15h-r4-cross-community-distractor-replay-tl-ocs-seed1401-load0p5,tl-ocs,cross-community-distractor-replay,1401,350,0,0,1,0,ocs,3480000,1013040,0.0453,,,false
phase15h-r4-cross-community-distractor-replay-tl-ocs-seed1401-load0p5,tl-ocs,cross-community-distractor-replay,1401,351,1,0,2,0,eps,3480000,118992,0.04532,,,false
phase15h-r4-cross-community-distractor-replay-tl-ocs-seed1401-load0p5,tl-ocs,cross-community-distractor-replay,1401,352,4,0,5,0,ocs,2520000,879040,0.04534,,,false
phase15h-r4-cross-community-distractor-replay-tl-ocs-seed1401-load0p5,tl-ocs,cross-community-distractor-replay,1401,353,5,0,6,0,eps,1386000,143648,0.04536,,,false
phase15h-r4-cross-community-distractor-replay-tl-ocs-seed1401-load0p5,tl-ocs,cross-community-distractor-replay,1401,354,2,0,3,0,ocs,2520000,1998208,0.04538,,,false
phase15h-r4-cross-community-distractor-replay-tl-ocs-seed1401-load0p5,tl-ocs,cross-community-distractor-replay,1401,355,6,0,7,0,ocs,4320000,890296,0.0454,,,false
phase15h-r4-cross-community-distractor-replay-tl-ocs-seed1401-load0p5,tl-ocs,cross-community-distractor-replay,1401,356,3,0,4,0,eps,1425600,127568,0.04542,,,false
phase15h-r4-cross-community-distractor-replay-tl-ocs-seed1401-load0p5,tl-ocs,cross-community-distractor-replay,1401,357,0,0,4,0,eps,1392000,130248,0.04544,,,false
phase15h-r4-cross-community-distractor-replay-tl-ocs-seed1401-load0p5,tl-ocs,cross-community-distractor-replay,1401,358,1,0,5,0,eps,1248000,116312,0.04546,,,false
phase15h-r4-cross-community-distractor-replay-tl-ocs-seed1401-load0p5,tl-ocs,cross-community-distractor-replay,1401,359,2,0,6,0,eps,1200000,139360,0.04548,,,false
phase15h-r4-cross-community-distractor-replay-tl-ocs-seed1401-load0p5,tl-ocs,cross-community-distractor-replay,1401,360,0,0,1,0,ocs,630000,69680,0.0491,,,false
phase15h-r4-cross-community-distractor-replay-tl-ocs-seed1401-load0p5,tl-ocs,cross-community-distractor-replay,1401,361,1,0,2,0,eps,630000,0,0.04912,,,false
phase15h-r4-cross-community-distractor-replay-tl-ocs-seed1401-load0p5,tl-ocs,cross-community-distractor-replay,1401,362,4,0,5,0,ocs,630000,57352,0.04914,,,false
phase15h-r4-cross-community-distractor-replay-tl-ocs-seed1401-load0p5,tl-ocs,cross-community-distractor-replay,1401,363,5,0,6,0,eps,630000,19296,0.04916,,,false
phase15h-r4-cross-community-distractor-replay-tl-ocs-seed1401-load0p5,tl-ocs,cross-community-distractor-replay,1401,364,2,0,3,0,ocs,630000,95944,0.04918,,,false
phase15h-r4-cross-community-distractor-replay-tl-ocs-seed1401-load0p5,tl-ocs,cross-community-distractor-replay,1401,365,6,0,7,0,ocs,630000,57352,0.0492,,,false
phase15h-r4-cross-community-distractor-replay-tl-ocs-seed1401-load0p5,tl-ocs,cross-community-distractor-replay,1401,366,3,0,4,0,eps,792000,16616,0.04922,,,false
phase15h-r4-cross-community-distractor-replay-tl-ocs-seed1401-load0p5,tl-ocs,cross-community-distractor-replay,1401,367,0,0,4,0,eps,348000,16616,0.04924,,,false
phase15h-r4-cross-community-distractor-replay-tl-ocs-seed1401-load0p5,tl-ocs,cross-community-distractor-replay,1401,368,1,0,5,0,eps,312000,13936,0.04926,,,false
phase15h-r4-cross-community-distractor-replay-tl-ocs-seed1401-load0p5,tl-ocs,cross-community-distractor-replay,1401,369,2,0,6,0,eps,300000,16616,0.04928,,,false
phase15h-r4-cross-community-distractor-replay-tl-ocs-seed1401-load0p5,tl-ocs,cross-community-distractor-replay,1401,370,0,0,1,0,ocs,630000,46096,0.0493,,,false
phase15h-r4-cross-community-distractor-replay-tl-ocs-seed1401-load0p5,tl-ocs,cross-community-distractor-replay,1401,371,1,0,2,0,eps,630000,13936,0.04932,,,false
phase15h-r4-cross-community-distractor-replay-tl-ocs-seed1401-load0p5,tl-ocs,cross-community-distractor-replay,1401,372,4,0,5,0,ocs,630000,42880,0.04934,,,false
phase15h-r4-cross-community-distractor-replay-tl-ocs-seed1401-load0p5,tl-ocs,cross-community-distractor-replay,1401,373,5,0,6,0,eps,630000,13936,0.04936,,,false
phase15h-r4-cross-community-distractor-replay-tl-ocs-seed1401-load0p5,tl-ocs,cross-community-distractor-replay,1401,374,2,0,3,0,ocs,630000,57352,0.04938,,,false
phase15h-r4-cross-community-distractor-replay-tl-ocs-seed1401-load0p5,tl-ocs,cross-community-distractor-replay,1401,375,6,0,7,0,ocs,630000,34840,0.0494,,,false
phase15h-r4-cross-community-distractor-replay-tl-ocs-seed1401-load0p5,tl-ocs,cross-community-distractor-replay,1401,376,3,0,4,0,eps,792000,9648,0.04942,,,false
phase15h-r4-cross-community-distractor-replay-tl-ocs-seed1401-load0p5,tl-ocs,cross-community-distractor-replay,1401,377,0,0,4,0,eps,348000,9648,0.04944,,,false
phase15h-r4-cross-community-distractor-replay-tl-ocs-seed1401-load0p5,tl-ocs,cross-community-distractor-replay,1401,378,1,0,5,0,eps,312000,9648,0.04946,,,false
phase15h-r4-cross-community-distractor-replay-tl-ocs-seed1401-load0p5,tl-ocs,cross-community-distractor-replay,1401,379,2,0,6,0,eps,300000,9648,0.04948,,,false
