experiment,scheme,traffic_pattern,run_id,flow_id,received_bytes,start_time_s,completion_time_s,fct_s,completed
v2-main-static-ocs,static-ocs,community-local,1,0,50000,0.02,0.020549502,0.000549502,true
v2-main-static-ocs,static-ocs,community-local,1,1,50000,0.02,0.020549502,0.000549502,true
v2-main-static-ocs,static-ocs,community-local,1,2,50000,0.02,0.020549061,0.000549061,true
v2-main-static-ocs,static-ocs,community-local,1,4,50000,0.02,0.020549502,0.000549502,true
v2-main-static-ocs,static-ocs,community-local,1,5,50000,0.02,0.020549502,0.000549502,true
v2-main-static-ocs,static-ocs,community-local,1,6,50000,0.02,0.020549061,0.000549061,true
v2-main-static-ocs,static-ocs,community-local,1,8,50000,0.02,0.020549108,0.000549108,true
v2-main-static-ocs,static-ocs,community-local,1,9,50000,0.02,0.020549108,0.000549108,true
v2-main-static-ocs,static-ocs,community-local,1,10,50000,0.02,0.020549108,0.000549108,true
v2-main-static-ocs,static-ocs,community-local,1,12,50000,0.02,0.020549108,0.000549108,true
v2-main-static-ocs,static-ocs,community-local,1,13,50000,0.02,0.020549108,0.000549108,true
v2-main-static-ocs,static-ocs,community-local,1,14,50000,0.02,0.020549108,0.000549108,true
v2-main-static-ocs,static-ocs,community-local,1,16,50000,0.02,0.020558029,0.000558029,true
v2-main-static-ocs,static-ocs,community-local,1,17,50000,0.02,0.020558029,0.000558029,true
v2-main-static-ocs,static-ocs,community-local,1,18,50000,0.02,0.020558029,0.000558029,true
v2-main-static-ocs,static-ocs,community-local,1,20,50000,0.02,0.020558029,0.000558029,true
v2-main-static-ocs,static-ocs,community-local,1,21,50000,0.02,0.020558029,0.000558029,true
v2-main-static-ocs,static-ocs,community-local,1,22,50000,0.02,0.020558029,0.000558029,true
v2-main-static-ocs,static-ocs,community-local,1,24,50000,0.02,0.020558076,0.000558076,true
v2-main-static-ocs,static-ocs,community-local,1,25,50000,0.02,0.020558076,0.000558076,true
v2-main-static-ocs,static-ocs,community-local,1,26,50000,0.02,0.020558076,0.000558076,true
v2-main-static-ocs,static-ocs,community-local,1,28,50000,0.02,0.020558076,0.000558076,true
v2-main-static-ocs,static-ocs,community-local,1,29,50000,0.02,0.020558076,0.000558076,true
v2-main-static-ocs,static-ocs,community-local,1,30,50000,0.02,0.020558076,0.000558076,true
v2-main-static-ocs,static-ocs,community-local,1,32,50000,0.02,0.020566997,0.000566997,true
v2-main-static-ocs,static-ocs,community-local,1,33,50000,0.02,0.020566997,0.000566997,true
v2-main-static-ocs,static-ocs,community-local,1,34,50000,0.02,0.020566997,0.000566997,true
v2-main-static-ocs,static-ocs,community-local,1,36,50000,0.02,0.020566997,0.000566997,true
v2-main-static-ocs,static-ocs,community-local,1,37,50000,0.02,0.020566997,0.000566997,true
v2-main-static-ocs,static-ocs,community-local,1,38,50000,0.02,0.020566997,0.000566997,true
v2-main-static-ocs,static-ocs,community-local,1,40,50000,0.021,0.021549061,0.000549061,true
v2-main-static-ocs,static-ocs,community-local,1,41,50000,0.0215,0.022049061,0.000549061,true
v2-main-static-ocs,static-ocs,community-local,1,42,50000,0.022,0.022549061,0.000549061,true
v2-main-static-ocs,static-ocs,community-local,1,44,50000,0.023,0.023549061,0.000549061,true
v2-main-static-ocs,static-ocs,community-local,1,45,50000,0.0235,0.024049061,0.000549061,true
v2-main-static-ocs,static-ocs,community-local,1,46,50000,0.024,0.024549061,0.000549061,true
v2-main-static-ocs,static-ocs,community-local,1,48,50000,0.025,0.025549061,0.000549061,true
v2-main-static-ocs,static-ocs,community-local,1,49,50000,0.0255,0.026049061,0.000549061,true
v2-main-static-ocs,static-ocs,community-local,1,50,50000,0.026,0.026549061,0.000549061,true
v2-main-static-ocs,static-ocs,community-local,1,52,50000,0.027,0.027549061,0.000549061,true
v2-main-static-ocs,static-ocs,community-local,1,53,50000,0.0275,0.028049061,0.000549061,true
v2-main-static-ocs,static-ocs,community-local,1,54,50000,0.028,0.028549061,0.000549061,true
v2-main-static-ocs,static-ocs,community-local,1,56,50000,0.029,0.029549061,0.000549061,true
v2-main-static-ocs,static-ocs,community-local,1,57,50000,0.0295,0.030049061,0.000549061,true
v2-main-static-ocs,static-ocs,community-local,1,58,50000,0.03,0.030549061,0.000549061,true
v2-main-static-ocs,static-ocs,community-local,1,60,50000,0.031,0.031549061,0.000549061,true
v2-main-static-ocs,static-ocs,community-local,1,61,50000,0.0315,0.032049061,0.000549061,true
v2-main-static-ocs,static-ocs,community-local,1,62,50000,0.032,0.032549061,0.000549061,true
v2-main-static-ocs,static-ocs,community-local,1,64,50000,0.033,0.033549061,0.000549061,true
v2-main-static-ocs,static-ocs,community-local,1,65,50000,0.0335,0.034049061,0.000549061,true
v2-main-static-ocs,static-ocs,community-local,1,66,50000,0.034,0.034549061,0.000549061,true
v2-main-static-ocs,static-ocs,community-local,1,68,50000,0.035,0.035549061,0.000549061,true
v2-main-static-ocs,static-ocs,community-local,1,69,50000,0.0355,0.036049061,0.000549061,true
v2-main-static-ocs,static-ocs,community-local,1,70,50000,0.036,0.036549061,0.000549061,true
v2-main-static-ocs,static-ocs,community-local,1,72,50000,0.037,0.037549061,0.000549061,true
v2-main-static-ocs,static-ocs,community-local,1,73,50000,0.0375,0.038049061,0.000549061,true
v2-main-static-ocs,static-ocs,community-local,1,74,50000,0.038,0.038549061,0.000549061,true
v2-main-static-ocs,static-ocs,community-local,1,76,50000,0.039,0.039549061,0.000549061,true
v2-main-static-ocs,static-ocs,community-local,1,77,50000,0.0395,0.040049061,0.000549061,true
v2-main-static-ocs,static-ocs,community-local,1,78,50000,0.04,0.040549061,0.000549061,true
v2-main-static-ocs,static-ocs,community-local,1,80,50000,0.041,0.041549061,0.000549061,true
v2-main-static-ocs,static-ocs,community-local,1,81,50000,0.0415,0.042049061,0.000549061,true
v2-main-static-ocs,static-ocs,community-local,1,82,50000,0.042,0.042549061,0.000549061,true
v2-main-static-ocs,static-ocs,community-local,1,84,50000,0.043,0.043549061,0.000549061,true
v2-main-static-ocs,static-ocs,community-local,1,85,50000,0.0435,0.044049061,0.000549061,true
v2-main-static-ocs,static-ocs,community-local,1,86,50000,0.044,0.044549061,0.000549061,true
v2-main-static-ocs,static-ocs,community-local,1,88,50000,0.045,0.045549061,0.000549061,true
v2-main-static-ocs,static-ocs,community-local,1,89,50000,0.0455,0.046049061,0.000549061,true
v2-main-static-ocs,static-ocs,community-local,1,90,50000,0.046,0.046549061,0.000549061,true
v2-main-static-ocs,static-ocs,community-local,1,92,50000,0.047,0.047549061,0.000549061,true
v2-main-static-ocs,static-ocs,community-local,1,93,50000,0.0475,0.048049061,0.000549061,true
v2-main-static-ocs,static-ocs,community-local,1,94,50000,0.048,0.048549061,0.000549061,true
v2-main-static-ocs,static-ocs,community-local,1,96,50000,0.049,0.049549061,0.000549061,true
v2-main-static-ocs,static-ocs,community-local,1,97,50000,0.0495,0.050049061,0.000549061,true
v2-main-static-ocs,static-ocs,community-local,1,98,50000,0.05,0.050549061,0.000549061,true
v2-main-static-ocs,static-ocs,community-local,1,100,50000,0.051,0.051549061,0.000549061,true
v2-main-static-ocs,static-ocs,community-local,1,101,50000,0.0515,0.052049061,0.000549061,true
v2-main-static-ocs,static-ocs,community-local,1,102,50000,0.052,0.052549061,0.000549061,true
v2-main-static-ocs,static-ocs,community-local,1,104,50000,0.053,0.053549061,0.000549061,true
v2-main-static-ocs,static-ocs,community-local,1,105,50000,0.0535,0.054049061,0.000549061,true
v2-main-static-ocs,static-ocs,community-local,1,106,50000,0.054,0.054549061,0.000549061,true
v2-main-static-ocs,static-ocs,community-local,1,108,50000,0.055,0.055549061,0.000549061,true
v2-main-static-ocs,static-ocs,community-local,1,109,50000,0.0555,0.056049061,0.000549061,true
v2-main-static-ocs,static-ocs,community-local,1,110,50000,0.056,0.056549061,0.000549061,true
v2-main-static-ocs,static-ocs,community-local,1,112,50000,0.057,0.057549061,0.000549061,true
v2-main-static-ocs,static-ocs,community-local,1,113,50000,0.0575,0.058049061,0.000549061,true
v2-main-static-ocs,static-ocs,community-local,1,114,50000,0.058,0.058549061,0.000549061,true
v2-main-static-ocs,static-ocs,community-local,1,116,50000,0.059,0.059549061,0.000549061,true
v2-main-static-ocs,static-ocs,community-local,1,117,50000,0.0595,0.060049061,0.000549061,true
v2-main-static-ocs,static-ocs,community-local,1,118,50000,0.06,0.060549061,0.000549061,true
v2-main-static-ocs,static-ocs,community-local,1,120,50000,0.061,0.061549061,0.000549061,true
v2-main-static-ocs,static-ocs,community-local,1,121,50000,0.0615,0.062049061,0.000549061,true
v2-main-static-ocs,static-ocs,community-local,1,122,50000,0.062,0.062549061,0.000549061,true
v2-main-static-ocs,static-ocs,community-local,1,124,50000,0.063,0.063549061,0.000549061,true
v2-main-static-ocs,static-ocs,community-local,1,125,50000,0.0635,0.064049061,0.000549061,true
v2-main-static-ocs,static-ocs,community-local,1,126,50000,0.064,0.064549061,0.000549061,true
v2-main-static-ocs,static-ocs,community-local,1,128,50000,0.065,0.065549061,0.000549061,true
v2-main-static-ocs,static-ocs,community-local,1,129,50000,0.0655,0.066049061,0.000549061,true
v2-main-static-ocs,static-ocs,community-local,1,130,50000,0.066,0.066549061,0.000549061,true
v2-main-static-ocs,static-ocs,community-local,1,132,50000,0.067,0.067549061,0.000549061,true
v2-main-static-ocs,static-ocs,community-local,1,133,50000,0.0675,0.068049061,0.000549061,true
v2-main-static-ocs,static-ocs,community-local,1,134,50000,0.068,0.068549061,0.000549061,true
v2-main-static-ocs,static-ocs,community-local,1,136,50000,0.069,0.069549061,0.000549061,true
v2-main-static-ocs,static-ocs,community-local,1,137,50000,0.0695,0.070049061,0.000549061,true
v2-main-static-ocs,static-ocs,community-local,1,138,50000,0.07,0.070549061,0.000549061,true
v2-main-static-ocs,static-ocs,community-local,1,140,50000,0.071,0.071549061,0.000549061,true
v2-main-static-ocs,static-ocs,community-local,1,141,50000,0.0715,0.072049061,0.000549061,true
v2-main-static-ocs,static-ocs,community-local,1,142,50000,0.072,0.072549061,0.000549061,true
v2-main-static-ocs,static-ocs,community-local,1,144,50000,0.073,0.073549061,0.000549061,true
v2-main-static-ocs,static-ocs,community-local,1,145,50000,0.0735,0.074049061,0.000549061,true
v2-main-static-ocs,static-ocs,community-local,1,146,50000,0.074,0.074549061,0.000549061,true
v2-main-static-ocs,static-ocs,community-local,1,148,50000,0.075,0.075549061,0.000549061,true
v2-main-static-ocs,static-ocs,community-local,1,149,50000,0.0755,0.076049061,0.000549061,true
v2-main-static-ocs,static-ocs,community-local,1,150,50000,0.076,0.076549061,0.000549061,true
v2-main-static-ocs,static-ocs,community-local,1,152,50000,0.077,0.077549061,0.000549061,true
v2-main-static-ocs,static-ocs,community-local,1,153,50000,0.0775,0.078049061,0.000549061,true
v2-main-static-ocs,static-ocs,community-local,1,154,50000,0.078,0.078549061,0.000549061,true
v2-main-static-ocs,static-ocs,community-local,1,156,50000,0.079,0.079549061,0.000549061,true
v2-main-static-ocs,static-ocs,community-local,1,157,50000,0.0795,0.080049061,0.000549061,true
v2-main-static-ocs,static-ocs,community-local,1,158,50000,0.08,0.080549061,0.000549061,true
v2-main-static-ocs,static-ocs,community-local,1,160,50000,0.081,0.081549061,0.000549061,true
v2-main-static-ocs,static-ocs,community-local,1,161,50000,0.0815,0.082049061,0.000549061,true
v2-main-static-ocs,static-ocs,community-local,1,162,50000,0.082,0.082549061,0.000549061,true
v2-main-static-ocs,static-ocs,community-local,1,164,50000,0.083,0.083549061,0.000549061,true
v2-main-static-ocs,static-ocs,community-local,1,165,50000,0.0835,0.084049061,0.000549061,true
v2-main-static-ocs,static-ocs,community-local,1,166,50000,0.084,0.084549061,0.000549061,true
v2-main-static-ocs,static-ocs,community-local,1,168,50000,0.085,0.085549061,0.000549061,true
v2-main-static-ocs,static-ocs,community-local,1,169,50000,0.0855,0.086049061,0.000549061,true
v2-main-static-ocs,static-ocs,community-local,1,170,50000,0.086,0.086549061,0.000549061,true
v2-main-static-ocs,static-ocs,community-local,1,172,50000,0.087,0.087549061,0.000549061,true
v2-main-static-ocs,static-ocs,community-local,1,173,50000,0.0875,0.088049061,0.000549061,true
v2-main-static-ocs,static-ocs,community-local,1,174,50000,0.088,0.088549061,0.000549061,true
v2-main-static-ocs,static-ocs,community-local,1,176,50000,0.089,0.089549061,0.000549061,true
v2-main-static-ocs,static-ocs,community-local,1,177,50000,0.0895,0.090049061,0.000549061,true
v2-main-static-ocs,static-ocs,community-local,1,178,50000,0.09,0.090549061,0.000549061,true
v2-main-static-ocs,static-ocs,community-local,1,180,50000,0.091,0.091549061,0.000549061,true
v2-main-static-ocs,static-ocs,community-local,1,181,50000,0.0915,0.092049061,0.000549061,true
v2-main-static-ocs,static-ocs,community-local,1,182,50000,0.092,0.092549061,0.000549061,true
v2-main-static-ocs,static-ocs,community-local,1,184,50000,0.093,0.093549061,0.000549061,true
v2-main-static-ocs,static-ocs,community-local,1,185,50000,0.0935,0.094049061,0.000549061,true
v2-main-static-ocs,static-ocs,community-local,1,186,50000,0.094,0.094549061,0.000549061,true
v2-main-static-ocs,static-ocs,community-local,1,188,50000,0.095,0.095549061,0.000549061,true
v2-main-static-ocs,static-ocs,community-local,1,189,50000,0.0955,0.096049061,0.000549061,true
v2-main-static-ocs,static-ocs,community-local,1,190,50000,0.096,0.096549061,0.000549061,true
v2-main-static-ocs,static-ocs,community-local,1,192,50000,0.097,0.097549061,0.000549061,true
v2-main-static-ocs,static-ocs,community-local,1,193,50000,0.0975,0.098049061,0.000549061,true
v2-main-static-ocs,static-ocs,community-local,1,194,50000,0.098,0.098549061,0.000549061,true
v2-main-static-ocs,static-ocs,community-local,1,196,50000,0.099,0.099549061,0.000549061,true
v2-main-static-ocs,static-ocs,community-local,1,197,50000,0.0995,0.100049061,0.000549061,true
v2-main-static-ocs,static-ocs,community-local,1,198,50000,0.1,0.100549061,0.000549061,true
v2-main-static-ocs,static-ocs,community-local,1,200,50000,0.101,0.101549061,0.000549061,true
v2-main-static-ocs,static-ocs,community-local,1,201,50000,0.1015,0.102049061,0.000549061,true
v2-main-static-ocs,static-ocs,community-local,1,202,50000,0.102,0.102549061,0.000549061,true
v2-main-static-ocs,static-ocs,community-local,1,204,50000,0.103,0.103549061,0.000549061,true
v2-main-static-ocs,static-ocs,community-local,1,205,50000,0.1035,0.104049061,0.000549061,true
v2-main-static-ocs,static-ocs,community-local,1,206,50000,0.104,0.104549061,0.000549061,true
v2-main-static-ocs,static-ocs,community-local,1,208,50000,0.105,0.105549061,0.000549061,true
v2-main-static-ocs,static-ocs,community-local,1,209,50000,0.1055,0.106049061,0.000549061,true
v2-main-static-ocs,static-ocs,community-local,1,210,50000,0.106,0.106549061,0.000549061,true
v2-main-static-ocs,static-ocs,community-local,1,212,50000,0.107,0.107549061,0.000549061,true
v2-main-static-ocs,static-ocs,community-local,1,213,50000,0.1075,0.108049061,0.000549061,true
v2-main-static-ocs,static-ocs,community-local,1,214,50000,0.108,0.108549061,0.000549061,true
v2-main-static-ocs,static-ocs,community-local,1,216,50000,0.109,0.109549061,0.000549061,true
v2-main-static-ocs,static-ocs,community-local,1,217,50000,0.1095,0.110049061,0.000549061,true
v2-main-static-ocs,static-ocs,community-local,1,218,50000,0.11,0.110549061,0.000549061,true
v2-main-static-ocs,static-ocs,community-local,1,220,50000,0.111,0.111549061,0.000549061,true
v2-main-static-ocs,static-ocs,community-local,1,221,50000,0.1115,0.112049061,0.000549061,true
v2-main-static-ocs,static-ocs,community-local,1,222,50000,0.112,0.112549061,0.000549061,true
v2-main-static-ocs,static-ocs,community-local,1,224,50000,0.113,0.113549061,0.000549061,true
v2-main-static-ocs,static-ocs,community-local,1,225,50000,0.1135,0.114049061,0.000549061,true
v2-main-static-ocs,static-ocs,community-local,1,226,50000,0.114,0.114549061,0.000549061,true
v2-main-static-ocs,static-ocs,community-local,1,228,50000,0.115,0.115549061,0.000549061,true
v2-main-static-ocs,static-ocs,community-local,1,229,50000,0.1155,0.116049061,0.000549061,true
v2-main-static-ocs,static-ocs,community-local,1,230,50000,0.116,0.116549061,0.000549061,true
v2-main-static-ocs,static-ocs,community-local,1,232,50000,0.117,0.117549061,0.000549061,true
v2-main-static-ocs,static-ocs,community-local,1,233,50000,0.1175,0.118049061,0.000549061,true
v2-main-static-ocs,static-ocs,community-local,1,234,50000,0.118,0.118549061,0.000549061,true
v2-main-static-ocs,static-ocs,community-local,1,236,50000,0.119,0.119549061,0.000549061,true
v2-main-static-ocs,static-ocs,community-local,1,237,50000,0.1195,0.120049061,0.000549061,true
v2-main-static-ocs,static-ocs,community-local,1,238,50000,0.12,0.120549061,0.000549061,true
v2-main-static-ocs,static-ocs,community-local,1,240,50000,0.121,0.121549061,0.000549061,true
v2-main-static-ocs,static-ocs,community-local,1,241,50000,0.1215,0.122049061,0.000549061,true
v2-main-static-ocs,static-ocs,community-local,1,242,50000,0.122,0.122549061,0.000549061,true
v2-main-static-ocs,static-ocs,community-local,1,244,50000,0.123,0.123549061,0.000549061,true
v2-main-static-ocs,static-ocs,community-local,1,245,50000,0.1235,0.124049061,0.000549061,true
v2-main-static-ocs,static-ocs,community-local,1,246,50000,0.124,0.124549061,0.000549061,true
v2-main-static-ocs,static-ocs,community-local,1,248,50000,0.125,0.125549061,0.000549061,true
v2-main-static-ocs,static-ocs,community-local,1,249,50000,0.1255,0.126049061,0.000549061,true
v2-main-static-ocs,static-ocs,community-local,1,250,50000,0.126,0.126549061,0.000549061,true
v2-main-static-ocs,static-ocs,community-local,1,252,50000,0.127,0.127549061,0.000549061,true
v2-main-static-ocs,static-ocs,community-local,1,253,50000,0.1275,0.128049061,0.000549061,true
v2-main-static-ocs,static-ocs,community-local,1,254,50000,0.128,0.128549061,0.000549061,true
